estimate,se,geoid,layer,topic
54.004097865901066,10.455888590496071,1701010,place,obesity
19.931679298317064,3.60420756685316,1702154,place,obesity
7.0765250406902105,1.684614667805638,1703844,place,obesity
0.7937979989785928,0.1876867350125432,1703883,place,obesity
37.6100174697821,11.069520959141018,1704013,place,obesity
2.6594909694042146,0.7321153153827876,1704572,place,obesity
55.39150100158052,10.045690188151262,1704975,place,obesity
8.367808544330838,2.1646807219267186,1705404,place,obesity
33.071057847432705,6.848135905462145,1705573,place,obesity
49.38717916860407,12.441883152586664,1706704,place,obesity
48.34617934639737,10.379524312938333,1708225,place,obesity
25.993969281218156,5.2584084593064055,1708446,place,obesity
38.88940621784363,11.04920857970656,1708576,place,obesity
29.10299756886255,9.304489256593726,1709447,place,obesity
33.24210801732387,7.863818999024375,1709642,place,obesity
8.894863929750116,2.5576957156279785,1709980,place,obesity
52.25561075307693,10.574155416650388,1710487,place,obesity
54.94178957284617,7.439868515905342,1710513,place,obesity
36.89271362505872,12.18557368465664,1714026,place,obesity
46.39081117037793,10.395513240825109,1714065,place,obesity
49.41196845283067,8.085989725087328,1714351,place,obesity
52.01056083304147,10.736685411950935,1716691,place,obesity
12.830032706886302,3.6892435842682776,1716873,place,obesity
40.60699624429381,11.981755665954754,1717497,place,obesity
33.4439743204323,5.542543484907354,1719642,place,obesity
8.274528842653407,2.1634228385623184,1720149,place,obesity
39.871542297970805,14.56252053715533,1720292,place,obesity
5.117224063614262,1.2306444304808963,1721904,place,obesity
29.47336202514273,7.016333255602863,1723074,place,obesity
25.044496628523007,5.670181433303981,1723256,place,obesity
43.01504811577008,11.493106501419245,1723724,place,obesity
26.30430620307631,4.414601611369314,1724582,place,obesity
43.988482699462,9.453394979610977,1724634,place,obesity
45.79079843630821,10.39517797511185,1726571,place,obesity
5.75383942922384,1.235675749744086,1726710,place,obesity
28.129495894870487,12.05814348326976,1726935,place,obesity
0.9118341213806548,0.21570528812237302,1726987,place,obesity
59.70054736098756,9.837814512144625,1727702,place,obesity
6.777446281752539,3.0166993160299365,1729652,place,obesity
17.885121573269704,4.728095881441901,1729938,place,obesity
9.186698994052648,3.8067113206482617,1730029,place,obesity
0.4017530824434738,0.17882373369497964,1730328,place,obesity
41.28156183107595,11.075839598041002,1732746,place,obesity
48.70998559416152,12.491740484557404,1733383,place,obesity
5.122032311576207,1.8516566020527816,1733435,place,obesity
66.40544540776084,9.33430468665404,1733695,place,obesity
25.99052818509628,9.192375669169987,1734514,place,obesity
12.893315607733769,3.335390812291831,1735086,place,obesity
4.0462619985735335,1.1634924446056778,1735307,place,obesity
2.5049021043803377,0.6621868043637613,1735385,place,obesity
19.48274076094656,4.606527110452523,1735411,place,obesity
10.11648339794333,2.174094387815858,1735866,place,obesity
29.666027842159757,10.320495741030706,1735879,place,obesity
8.423334923204939,2.422108737641594,1737257,place,obesity
12.59849966405528,3.8913249761843502,1737608,place,obesity
45.69732037223038,9.770231405166163,1738830,place,obesity
1.85169705285782,0.8242061981207441,1739519,place,obesity
30.9644073978264,9.609770861142076,1740767,place,obesity
42.738170293490455,10.546916299714953,1740793,place,obesity
55.97424176569261,11.520835221778832,1742028,place,obesity
39.112446551924,8.555674261161483,1742795,place,obesity
29.38890694284362,9.220158734954957,1743744,place,obesity
31.626215033343332,6.7919425721905915,1745421,place,obesity
17.912054812114835,4.735165623790738,1745434,place,obesity
0.7948371061712374,0.16079030169053082,1745564,place,obesity
48.33472685499733,10.053124669585086,1747007,place,obesity
47.77810668356547,12.086223381638119,1747540,place,obesity
58.15651505351752,10.32438346187936,1747774,place,obesity
42.34905731554275,8.149210451261393,1748242,place,obesity
15.81612702528294,2.1417195619910796,1748554,place,obesity
50.98931050756269,13.152913396649234,1748892,place,obesity
25.497117694549832,10.32769175929106,1750647,place,obesity
34.856536307649414,7.321231607396117,1751089,place,obesity
35.96557747665575,8.815549995186279,1753000,place,obesity
8.58720092414653,3.1043434162672394,1753377,place,obesity
21.580425027197,4.538889852020715,1753481,place,obesity
4.7441055480027225,2.1116419617173134,1753663,place,obesity
33.23633602394801,9.331153033959492,1753871,place,obesity
23.002346203216867,4.653222851436015,1754144,place,obesity
60.29769744910991,10.102139334016812,1754638,place,obesity
39.712792844735,6.3679127050383455,1754820,place,obesity
31.31714507630745,4.985329393488785,1754885,place,obesity
5.421416014488488,2.2464832830223056,1755938,place,obesity
3.364974032901319,0.5609195153478913,1756627,place,obesity
29.65312448626415,4.942985013481604,1756640,place,obesity
37.70241221914837,5.929321661527369,1757225,place,obesity
23.941667947720457,7.118227735412177,1757381,place,obesity
23.83813380579952,5.834887079571715,1757394,place,obesity
6.639225135545629,1.625090675191118,1757407,place,obesity
59.87430851648677,10.304730788533591,1757732,place,obesity
20.023081205313524,5.08620158893341,1757875,place,obesity
5.130506601897916,1.3414002618161665,1759572,place,obesity
15.65663332005674,4.093516228380776,1761314,place,obesity
34.972339492395115,11.357339562177,1762016,place,obesity
49.39243734109082,11.753326684948911,1763706,place,obesity
75.16799294378754,8.682773906679124,1764278,place,obesity
18.33127924075996,6.082878279386637,1764304,place,obesity
16.634401446813524,4.303177820326991,1764343,place,obesity
14.71920149793838,3.8911145412276618,1764421,place,obesity
13.531991211992755,3.5380164110784476,1764616,place,obesity
37.13833696145555,9.120377085861033,1765338,place,obesity
6.320025721974961,1.9520795807310012,1765806,place,obesity
13.945696763429488,2.4659958147103658,1765819,place,obesity
35.06117437960344,8.4318838573395265,1767769,place,obesity
30.98406347266461,4.683834812717165,1768003,place,obesity
41.54812940739943,7.346890941754249,1768081,place,obesity
34.05435800562321,5.977935206178516,1770122,place,obesity
1.850759891530559,0.4375963176784311,1770564,place,obesity
13.356337491357417,2.8683633852629824,1770629,place,obesity
35.638266275009755,10.36650580106658,1770850,place,obesity
4.370201701736196,1.810889450311311,1772520,place,obesity
7.963056234775717,1.8837563753987818,1772676,place,obesity
11.10854255765586,3.118740601101486,1772923,place,obesity
29.326759807462988,6.74282976490393,1773157,place,obesity
48.61024749458108,13.381623432736514,1773638,place,obesity
9.470090701625615,2.2774680633923863,1775185,place,obesity
37.04759372511981,7.029761321306554,1775484,place,obesity
54.91907775999936,10.230675797161206,1780047,place,obesity
21.023857071094746,8.343361268373226,1780242,place,obesity
35.50000339160823,9.574821853949087,1781087,place,obesity
7.764901309562622,1.9006237104975778,1782049,place,obesity
20.0742115692662,7.383878660316943,1782075,place,obesity
15.469908433075757,7.266649447965415,1782530,place,obesity
54.16080953909776,10.511808787041925,1783518,place,obesity
31.396120664,5.874464090499999,14,neighborhood,obesity
45.52213243600001,9.5605516857,18,neighborhood,obesity
24.067982773,5.2604214030000005,2,neighborhood,obesity
36.714882735,7.0200044317999994,43,neighborhood,obesity
42.016081376,10.33256632,45,neighborhood,obesity
47.184058232,9.6573808024,47,neighborhood,obesity
60.579486715,9.239583188500001,52,neighborhood,obesity
18.525988277,2.1186722874,6,neighborhood,obesity
52.01017126399999,9.2822258994,49,neighborhood,obesity
18.968288907,3.3248480617,24,neighborhood,obesity
20.506058513,4.387724736,12,neighborhood,obesity
23.992530235,6.8886783426,13,neighborhood,obesity
64.223422907,7.6238525827,73,neighborhood,obesity
24.178459464,5.763136426900001,17,neighborhood,obesity
37.193342396999995,6.9551888925,20,neighborhood,obesity
58.237133349,6.7103637597,25,neighborhood,obesity
45.001735302,11.246219748,26,neighborhood,obesity
47.320385701999996,8.8830837498,29,neighborhood,obesity
25.660029799,4.0537971068,3,neighborhood,obesity
20.884471209,4.6966040962,32,neighborhood,obesity
29.538276616999998,6.9164645908,33,neighborhood,obesity
43.76258637,7.9952865478,36,neighborhood,obesity
51.483041446,6.641570778999999,40,neighborhood,obesity
12.700351625,4.7124097045,41,neighborhood,obesity
46.951373115,7.7290253123,44,neighborhood,obesity
21.591522871,4.384585678500001,5,neighborhood,obesity
37.151155388,7.5298003719,57,neighborhood,obesity
47.68402233,8.293458731,58,neighborhood,obesity
22.831436884000002,7.0226246235000005,59,neighborhood,obesity
25.284499123000003,5.2916788663,62,neighborhood,obesity
39.935946633,7.274464501900001,63,neighborhood,obesity
41.697592413,7.9210625101,65,neighborhood,obesity
40.816404553000005,7.6223903794000005,67,neighborhood,obesity
48.26237612600001,9.1754982026,68,neighborhood,obesity
45.533027016999995,9.5381185446,70,neighborhood,obesity
43.978130537,9.527344858300001,74,neighborhood,obesity
32.150264373,7.390729199500001,75,neighborhood,obesity
32.301658609,4.6943304013,77,neighborhood,obesity
11.876544478,2.3753320277000003,8,neighborhood,obesity
32.417730995999996,5.149722976700001,1,neighborhood,obesity
45.698488125,5.7963734134000005,10,neighborhood,obesity
33.65387148,6.4871522642,11,neighborhood,obesity
38.602307486,6.0012888973,15,neighborhood,obesity
27.602107868,5.796892249,16,neighborhood,obesity
28.536252244,6.6208306174,19,neighborhood,obesity
19.946253884,5.745687165700001,21,neighborhood,obesity
23.541372366999997,4.3583370473,22,neighborhood,obesity
37.899130055,7.5928190427999995,23,neighborhood,obesity
47.876029571000004,8.3941396978,27,neighborhood,obesity
20.510782264,3.916437,28,neighborhood,obesity
40.431132557,7.0754345104,30,neighborhood,obesity
35.40464987,8.5739578872,31,neighborhood,obesity
7.302520425,2.8881033169999997,34,neighborhood,obesity
21.502228853000002,5.8599502428,35,neighborhood,obesity
48.716616343999995,10.345801587999999,37,neighborhood,obesity
45.095031743999996,6.9180797977,38,neighborhood,obesity
25.495953613,7.1253504762,39,neighborhood,obesity
32.356306926,5.1487255037,4,neighborhood,obesity
26.506892716,7.048949497100001,42,neighborhood,obesity
46.883178662,11.067803768,46,neighborhood,obesity
55.626361113,12.01909022,48,neighborhood,obesity
53.997612927,15.80964142,50,neighborhood,obesity
35.777763222,10.104519214,51,neighborhood,obesity
62.690090361,9.4993105508,53,neighborhood,obesity
43.256334666,12.929700540999999,54,neighborhood,obesity
37.499962062,7.871131396,55,neighborhood,obesity
25.107211731,5.8218507316,56,neighborhood,obesity
30.307554051999997,7.546118529099999,60,neighborhood,obesity
63.52793513899999,8.3128168407,61,neighborhood,obesity
35.06663026,6.7645571793,64,neighborhood,obesity
54.123774165,7.8995824234,66,neighborhood,obesity
48.355982793,7.4052629762,69,neighborhood,obesity
15.143268974000001,3.5524934233999996,7,neighborhood,obesity
52.258436276000005,7.923956061699999,71,neighborhood,obesity
46.901468108,9.9036683783,72,neighborhood,obesity
23.877554024000002,8.4674139221,76,neighborhood,obesity
26.546612457,7.4177228742,9,neighborhood,obesity
96.48656916046768,3.0293868282838714,1701010,place,safety
97.99993392892584,0.908372936704164,1702154,place,safety
17.81111075660624,1.105316147734812,1703844,place,safety
3.134421379778591,0.20448480461342117,1703883,place,safety
86.94080793744673,9.249158078442658,1704013,place,safety
3.6775348898379256,0.6751138749659791,1704572,place,safety
82.59542630093829,7.544039817513539,1704975,place,safety
18.787838160882217,1.7645548820069186,1705404,place,safety
70.46148868922049,8.403322963743033,1705573,place,safety
77.77760956012155,10.166695251340927,1706704,place,safety
85.96353869662258,7.287451904943743,1708225,place,safety
47.95305195108666,2.368665552730675,1708446,place,safety
95.2400053983478,4.667544761585381,1708576,place,safety
100,NA,1709447,place,safety
63.62163576682716,6.748806591901936,1709642,place,safety
23.534211117114783,1.6510341296186704,1709980,place,safety
57.03139611474837,10.839161822151796,1710487,place,safety
50.66916343742116,9.82575147430667,1710513,place,safety
58.80721914962365,14.769120328756305,1714026,place,safety
87.6029976802944,5.938559230288773,1714065,place,safety
71.66053118776964,8.100573647647044,1714351,place,safety
89.75073011186325,7.558646178683658,1716691,place,safety
33.94596035960186,2.381466658792181,1716873,place,safety
72.77116255265472,12.458015331685818,1717497,place,safety
92.27670139603178,3.3166423407538685,1719642,place,safety
15.233214450514948,1.7985199353000825,1720149,place,safety
61.10514313405506,16.08669785326336,1720292,place,safety
6.335028346290297,1.206241217945609,1721904,place,safety
74.18235820277238,4.60358478025633,1723074,place,safety
95.63419208438926,2.5764136641939728,1723256,place,safety
97.95960186679532,1.475877048907341,1723724,place,safety
88.92608351403501,3.817788635928228,1724582,place,safety
72.66040232300381,5.304701832164087,1724634,place,safety
92.99375074662458,3.6758774346139416,1726571,place,safety
8.610489429897756,1.1057580357665084,1726710,place,safety
96.8311437368295,2.7632234770222306,1726935,place,safety
1.745147399196591,0.18512039386575216,1726987,place,safety
85.89805034011763,6.409427331750755,1727702,place,safety
48.47179140703469,0.8714133207883755,1729652,place,safety
98.517996985466,1.758384631331937,1729938,place,safety
32.50736436160469,8.391426971178316,1730029,place,safety
2.8733081458371497,0.05165559019650468,1730328,place,safety
72.0037874284424,10.653715393510424,1732746,place,safety
58.31367143961156,12.301019225108238,1733383,place,safety
33.311262464683814,1.8854250412898916,1733435,place,safety
79.27654538495074,7.82755198517708,1733695,place,safety
88.24707974899364,9.215387272906206,1734514,place,safety
28.94874156261545,2.718867536267464,1735086,place,safety
10.705681937538476,0.751053271841521,1735307,place,safety
6.83948696647275,0.20152072156944442,1735385,place,safety
76.93030123075629,5.018813908528804,1735411,place,safety
16.710459390260837,1.219976792170281,1735866,place,safety
93.76708100366268,4.824745518899188,1735879,place,safety
22.28663012256332,1.5635105329611163,1737257,place,safety
66.59345486492423,NA,1737608,place,safety
93.02595394300089,2.8196851767517463,1738830,place,safety
13.243199512595163,0.2380828133259112,1739519,place,safety
99.38750384506253,0.7400080876127066,1740767,place,safety
95.55557037697056,3.2377252637612735,1740793,place,safety
86.28930032652934,5.600477543590074,1742028,place,safety
100,NA,1742795,place,safety
92.37285118554924,3.894665199302015,1743744,place,safety
47.32790923381926,6.077844514808842,1745421,place,safety
48.907805704650976,1.4410344437080411,1745434,place,safety
1.466296456402312,0.07242846419689677,1745564,place,safety
76.36841359342058,8.212954377258646,1747007,place,safety
97.74190887541148,1.4959255188357243,1747540,place,safety
62.419172277976486,10.001786345859546,1747774,place,safety
80.62822549401383,7.0619654176537905,1748242,place,safety
14.586163490880269,2.8285451683448857,1748554,place,safety
72.28361394768771,12.456631631908385,1748892,place,safety
89.56392375878947,10.057283762653098,1750647,place,safety
96.72650817126396,2.1528100598064466,1751089,place,safety
96.25173199020377,2.628464540613994,1753000,place,safety
55.84707132259263,3.1609569546021152,1753377,place,safety
100,NA,1753481,place,safety
33.92948980722592,0.6099755863629808,1753663,place,safety
67.39178270409823,4.801194849350744,1753871,place,safety
42.43417734884882,2.096057916130295,1754144,place,safety
80.23935008780401,9.090394409311445,1754638,place,safety
83.00575495106233,5.384463317451655,1754820,place,safety
89.36294252769494,3.7868798435760604,1754885,place,safety
19.18381628187763,4.952096133269263,1755938,place,safety
9.778018227668632,0.26220719514410035,1756627,place,safety
86.16672488376403,2.3106456462305127,1756640,place,safety
96.06206709425967,1.8574489714464397,1757225,place,safety
100,NA,1757381,place,safety
61.41551856695586,1.0989577790091567,1757394,place,safety
17.105007376168928,0.30607379624347575,1757407,place,safety
88.2265828494766,5.338518611392183,1757732,place,safety
95.33780574980692,3.27378701032078,1757875,place,safety
9.445142894858996,1.1151472884035707,1759572,place,safety
28.82349647608717,3.4030659245095864,1761314,place,safety
81.19247890300845,10.725199066409909,1762016,place,safety
90.64673041411912,4.975633733370439,1763706,place,safety
41.6586786387456,11.072334890862185,1764278,place,safety
93.8049902346869,3.9365504962637643,1764304,place,safety
37.34842170804826,3.5077659971228483,1764343,place,safety
40.18990866987989,1.1841676772930707,1764421,place,safety
24.9120799497591,2.9412618436495923,1764616,place,safety
90.9502618672246,4.898171045547522,1765338,place,safety
33.406545135075774,NA,1765806,place,safety
23.052861159437,1.3237718664603582,1765819,place,safety
43.405082675261546,8.264682796864967,1767769,place,safety
92.7564859222063,2.960414989083547,1768003,place,safety
68.68091820086013,3.943886472406283,1768081,place,safety
94.0367472377227,2.32800200690698,1770122,place,safety
7.307981854721874,0.4767614371577536,1770564,place,safety
19.987454326127,2.566786524223563,1770629,place,safety
93.7999210013027,3.1122511666940436,1770850,place,safety
15.464068121096991,3.9918830967662724,1772520,place,safety
15.240389180362456,1.6166581969149907,1772676,place,safety
22.52427841821552,1.6046978605939455,1772923,place,safety
95.41872958802598,2.566733098867396,1773157,place,safety
67.21808166358468,12.339749571127046,1773638,place,safety
11.72379639643248,2.2323067350535615,1775185,place,safety
90.89551041933898,4.573889534809029,1775484,place,safety
84.84515228275848,8.736245313906833,1780047,place,safety
100,NA,1780242,place,safety
86.83447071817932,5.645148277629992,1781087,place,safety
20.005149917901832,0.35796840335321,1782049,place,safety
98.76686614147788,1.0850509075052703,1782075,place,safety
100,NA,1782530,place,safety
84.67212349030294,8.270010100963148,1783518,place,safety
51.455323803999995,6.305252576699999,14,neighborhood,safety
82.066244633,6.162307104400001,18,neighborhood,safety
69.992571234,5.5801587152,2,neighborhood,safety
23.837585596999997,6.065305535,43,neighborhood,safety
46.410682457,10.307389815,45,neighborhood,safety
57.325267713,8.47461397,47,neighborhood,safety
53.419129226,10.314894898,52,neighborhood,safety
82.972889422,2.2830499496,6,neighborhood,safety
50.384738207,9.062455031499999,49,neighborhood,safety
64.642861817,4.3122648623,24,neighborhood,safety
97.645560425,1.0600909593,12,neighborhood,safety
86.874929237,4.3838592894,13,neighborhood,safety
50.269267633000005,8.0350401915,73,neighborhood,safety
72.77148466199999,7.6106534893,17,neighborhood,safety
38.978345199,7.049903941699999,20,neighborhood,safety
32.110785118,6.2708892345,25,neighborhood,safety
12.055514059000002,4.2728941842,26,neighborhood,safety
40.6315572,8.8071077082,29,neighborhood,safety
71.554258552,4.978946816700001,3,neighborhood,safety
65.599432307,5.1093128037,32,neighborhood,safety
63.571301081,7.1920648729,33,neighborhood,safety
69.091066934,6.6937618864,36,neighborhood,safety
33.598315063,6.4137335987,40,neighborhood,safety
70.052623888,6.2906181084,41,neighborhood,safety
36.481066144,6.8296207249,44,neighborhood,safety
85.961169814,3.7111688831,5,neighborhood,safety
53.135942208,7.872069045700001,57,neighborhood,safety
49.113857046999996,8.4918115007,58,neighborhood,safety
71.476374127,7.336492218099999,59,neighborhood,safety
62.513985183,6.7583284166999995,62,neighborhood,safety
37.959316217,6.8665883445,63,neighborhood,safety
61.303013852,8.9430317941,65,neighborhood,safety
40.436149244,8.356912875199999,67,neighborhood,safety
29.37755703,9.8973687004,68,neighborhood,safety
65.399440181,9.358336667,70,neighborhood,safety
95.659499664,1.6062029080000002,74,neighborhood,safety
79.796737078,5.6497948316999995,75,neighborhood,safety
88.12184967299999,2.5333223053,77,neighborhood,safety
69.844978438,3.7018504636,8,neighborhood,safety
59.172892147,5.3710059689,1,neighborhood,safety
83.25429962300001,4.1338147012,10,neighborhood,safety
82.027429598,5.2317132376,11,neighborhood,safety
72.998606896,5.626159915900001,15,neighborhood,safety
78.197949118,5.305151996,16,neighborhood,safety
53.823443983000004,7.459410698099999,19,neighborhood,safety
77.041394907,6.4175740565999995,21,neighborhood,safety
76.54646781,4.230740487699999,22,neighborhood,safety
47.137289995,8.099276582,23,neighborhood,safety
33.192055715,8.1583325288,27,neighborhood,safety
58.855295016999996,5.4084610748,28,neighborhood,safety
36.591514649000004,7.2024650824,30,neighborhood,safety
41.334152579,8.2942491683,31,neighborhood,safety
39.906173883,7.4112512676,34,neighborhood,safety
46.284665147,7.8559810999,35,neighborhood,safety
35.535719352,9.2474486179,37,neighborhood,safety
46.280056423000005,6.879730435700001,38,neighborhood,safety
67.188061168,8.2442187041,39,neighborhood,safety
89.959981951,3.19948376,4,neighborhood,safety
58.241860544,8.4843405486,42,neighborhood,safety
32.982269838,9.092874696900001,46,neighborhood,safety
73.572467061,9.04883691,48,neighborhood,safety
53.631914048,15.777284642,50,neighborhood,safety
43.886353799999995,12.069965622,51,neighborhood,safety
51.44427258,10.88232049,53,neighborhood,safety
41.610690182,13.627740628,54,neighborhood,safety
69.525640227,7.1109085146,55,neighborhood,safety
81.443546553,5.5433883339,56,neighborhood,safety
62.095132963999994,7.1477180538,60,neighborhood,safety
30.212504800999998,8.7427515958,61,neighborhood,safety
67.176297615,6.7127311264,64,neighborhood,safety
31.77587253,6.9725879413,66,neighborhood,safety
47.473661233,7.4807944739,69,neighborhood,safety
87.44530583299999,2.6755512766,7,neighborhood,safety
27.961038775,6.6045986125,71,neighborhood,safety
84.445160837,6.9718570689999995,72,neighborhood,safety
84.80982865600001,5.7106865043,76,neighborhood,safety
94.73118139700001,3.8387180368,9,neighborhood,safety
59.10055175419572,10.826740552359189,1701010,place,sidewalk
80.67257838221681,4.366791792269599,1702154,place,sidewalk
14.365134776691123,1.685459236107143,1703844,place,sidewalk
2.613980028365768,0.21585607263823184,1703883,place,sidewalk
74.85638293499312,9.628284943264424,1704013,place,sidewalk
3.3656087642775927,0.6005756856800518,1704572,place,sidewalk
61.93586184216598,9.853184469528992,1704975,place,sidewalk
14.927776426060555,2.1481398948523545,1705404,place,sidewalk
51.47874907153936,7.878157357576298,1705573,place,sidewalk
31.8232054873936,10.957973285755429,1706704,place,sidewalk
63.5930280549564,9.659858691364557,1708225,place,sidewalk
39.394466948998094,3.9924232136838795,1708446,place,sidewalk
57.96564675537119,11.167494616867787,1708576,place,sidewalk
78.4767164651137,7.340529000618841,1709447,place,sidewalk
66.3857832512824,5.9346328778339394,1709642,place,sidewalk
19.125941226560364,2.0864205398187163,1709980,place,sidewalk
62.300304269762194,9.81969621171291,1710487,place,sidewalk
51.01299884035154,9.364979578265437,1710513,place,sidewalk
21.916908614321684,8.153764003565371,1714026,place,sidewalk
69.03804022585247,9.708104069165765,1714065,place,sidewalk
51.705891978204455,8.262262621699405,1714351,place,sidewalk
57.97458390700187,10.428831870682561,1716691,place,sidewalk
27.58743173867172,3.0094719804157277,1716873,place,sidewalk
62.71341367792197,11.462447972696305,1717497,place,sidewalk
65.45440451151859,6.733933932393174,1719642,place,sidewalk
8.55929761607722,2.272480390737063,1720149,place,sidewalk
43.5943929110568,14.965723746291964,1720292,place,sidewalk
2.3480995819521047,0.907210684914001,1721904,place,sidewalk
59.83004587405375,7.019850839044182,1723074,place,sidewalk
86.9351423582131,5.2050702764702566,1723256,place,sidewalk
77.85872726808827,10.335448589435714,1723724,place,sidewalk
69.61676473790018,4.491931616350754,1724582,place,sidewalk
57.47165927476362,10.04690811869551,1724634,place,sidewalk
75.09570311024409,7.487248826816135,1726571,place,sidewalk
5.6820422852094,1.2077710792357939,1726710,place,sidewalk
53.42358219677751,14.583637447801497,1726935,place,sidewalk
1.820968222338772,0.16278753300050486,1726987,place,sidewalk
65.84502771632347,9.352132447704887,1727702,place,sidewalk
44.01000243548203,2.4733531648254066,1729652,place,sidewalk
78.16197074971475,5.914752328334896,1729938,place,sidewalk
13.348229034260962,5.067700858006624,1730029,place,sidewalk
2.6088224681919034,0.14661529086778383,1730328,place,sidewalk
49.16569631932491,11.027345459618575,1732746,place,sidewalk
33.75845598694149,13.937414860379198,1733383,place,sidewalk
25.862276898088787,3.076250308652612,1733435,place,sidewalk
52.36168032264128,10.574190893049074,1733695,place,sidewalk
68.14957240710659,9.79834870017012,1734514,place,sidewalk
23.001067933525267,3.309904318097696,1735086,place,sidewalk
8.700365714774476,0.9491099818936654,1735307,place,sidewalk
3.9757233133700622,0.7375517978909473,1735385,place,sidewalk
64.156744300782,5.297906911201643,1735411,place,sidewalk
13.217348069896328,2.3105907034317488,1735866,place,sidewalk
56.02947201523312,12.556059249857046,1735879,place,sidewalk
18.112048699701347,1.9758165089818096,1737257,place,sidewalk
34.77325205340422,5.496374473005435,1737608,place,sidewalk
50.82431019020349,9.74422889634081,1738830,place,sidewalk
12.024173769618534,0.6757561145581633,1739519,place,sidewalk
72.09310859875295,8.488956353426843,1740767,place,sidewalk
67.03253793258932,10.287549784660456,1740793,place,sidewalk
36.59639367638764,10.036053837673075,1742028,place,sidewalk
82.28047946834961,6.483184640128231,1742795,place,sidewalk
70.18837862793038,8.675790067517617,1743744,place,sidewalk
31.231579078810476,6.638563403239941,1745421,place,sidewalk
28.429603609001763,5.274085644901736,1745434,place,sidewalk
1.2045941799094375,0.12207932076261403,1745564,place,sidewalk
37.765614237197056,10.091499507379988,1747007,place,sidewalk
68.54937616310586,10.276913633283959,1747540,place,sidewalk
33.79090543077455,11.37443515122363,1747774,place,sidewalk
62.01730399898583,8.096459053726997,1748242,place,sidewalk
14.685143601481252,2.6959024769777593,1748554,place,sidewalk
44.43178519495928,13.375090108129928,1748892,place,sidewalk
77.2536676326899,11.076357224192254,1750647,place,sidewalk
76.71977162331113,6.397849919683047,1751089,place,sidewalk
71.16274223557022,7.605623820507961,1753000,place,sidewalk
43.35868158775031,5.15740196204241,1753377,place,sidewalk
86.05380343799695,3.9703408536898013,1753481,place,sidewalk
30.8063078690746,1.7313082219493623,1753663,place,sidewalk
55.147469295553904,9.275567105037979,1753871,place,sidewalk
34.860592372354034,3.5329387350346444,1754144,place,sidewalk
58.729383869210935,10.987619373298454,1754638,place,sidewalk
61.75681171386355,6.517628416972577,1754820,place,sidewalk
83.48717301640929,4.04454804117588,1754885,place,sidewalk
7.877291146499043,2.9906405560931684,1755938,place,sidewalk
8.595607194431102,0.4292146034691579,1756627,place,sidewalk
75.74697685013842,3.782363234767551,1756640,place,sidewalk
74.00930366575312,5.291037815784904,1757225,place,sidewalk
56.586650862929645,8.350077840159724,1757381,place,sidewalk
36.880984790660094,5.611966593287955,1757394,place,sidewalk
10.27182594244248,1.5630044687866924,1757407,place,sidewalk
62.50399082361421,9.50552691167851,1757732,place,sidewalk
71.02405290763802,7.538084508177873,1757875,place,sidewalk
5.307073521881814,1.4090198812602546,1759572,place,sidewalk
16.195457989265243,4.299869259187953,1761314,place,sidewalk
49.23353355217421,11.426433190980564,1762016,place,sidewalk
69.5503927625565,9.936932514285218,1763706,place,sidewalk
39.42119613099221,12.521885083019063,1764278,place,sidewalk
82.63932448148542,8.943682928299687,1764304,place,sidewalk
29.674988913029427,4.2702962413138454,1764343,place,sidewalk
23.36197987426806,4.333971179687748,1764421,place,sidewalk
13.9976961013826,3.7163668483894927,1764616,place,sidewalk
73.31874104984206,8.50246409427109,1765338,place,sidewalk
17.44396978008833,2.7572511785756157,1765806,place,sidewalk
20.358724238980624,2.1722435457467166,1765819,place,sidewalk
16.08824000670191,6.215845080729877,1767769,place,sidewalk
78.78253516873282,4.720830936868487,1768003,place,sidewalk
60.654331124486106,6.4717208092281835,1768081,place,sidewalk
78.07754367726783,6.267709709272014,1770122,place,sidewalk
6.094559825026395,0.5032738330106576,1770564,place,sidewalk
13.18967540455987,2.803588515981628,1770629,place,sidewalk
81.86329266634868,7.306571453303987,1770850,place,sidewalk
6.349881854021421,2.4107543882615654,1772520,place,sidewalk
15.902533164987622,1.4216251061548943,1772676,place,sidewalk
18.43187555858364,3.1001621796838377,1772923,place,sidewalk
79.42872911275536,5.803610450827391,1773157,place,sidewalk
61.51668754796175,10.977338541847045,1773638,place,sidewalk
4.345464599771693,1.678911723390799,1775185,place,sidewalk
74.77711018296598,6.571680387205987,1775484,place,sidewalk
72.65728736051035,9.968684474983915,1780047,place,sidewalk
83.16485295725845,5.480170364919892,1780242,place,sidewalk
86.30498556836257,4.802212873153453,1781087,place,sidewalk
12.013407149736016,1.8280108293897466,1782049,place,sidewalk
93.74741323700118,2.714612869795035,1782075,place,sidewalk
100,NA,1782530,place,sidewalk
45.88144809437878,10.55207252170195,1783518,place,sidewalk
41.632173904,5.8633607744,14,neighborhood,sidewalk
36.991649152,9.6388466805,18,neighborhood,sidewalk
49.27048095399999,6.0461578313999995,2,neighborhood,sidewalk
38.604532440999996,7.667046791000001,43,neighborhood,sidewalk
56.764618338000005,10.1799165,45,neighborhood,sidewalk
63.186763248000005,7.6166267186,47,neighborhood,sidewalk
19.198894379000002,5.7895320786,52,neighborhood,sidewalk
76.074879054,2.3221205478,6,neighborhood,sidewalk
45.564879823999995,9.2773580266,49,neighborhood,sidewalk
49.765908894,4.253981813999999,24,neighborhood,sidewalk
60.419995491,5.8737822802999995,12,neighborhood,sidewalk
63.573309552,9.5106235518,13,neighborhood,sidewalk
43.034293545,8.120065172,73,neighborhood,sidewalk
42.484638886,7.2057195383,17,neighborhood,sidewalk
35.664363339,7.5848642426,20,neighborhood,sidewalk
41.475707261,6.907055410599999,25,neighborhood,sidewalk
44.83955596,11.75826206,26,neighborhood,sidewalk
41.314689975,9.054648164,29,neighborhood,sidewalk
57.160298453,4.8875572717,3,neighborhood,sidewalk
73.481324954,4.4661760939,32,neighborhood,sidewalk
74.503054685,6.4705082153,33,neighborhood,sidewalk
66.471169534,7.025648557799999,36,neighborhood,sidewalk
31.640216686,5.6205567967,40,neighborhood,sidewalk
56.095033392,7.0088992189,41,neighborhood,sidewalk
46.650768483,7.6069653176,44,neighborhood,sidewalk
71.690051946,4.665067526600001,5,neighborhood,sidewalk
53.064465712,7.8237334225,57,neighborhood,sidewalk
42.877396708,8.487617491,58,neighborhood,sidewalk
61.173365442,8.8910869766,59,neighborhood,sidewalk
57.519870299,7.3288064878,62,neighborhood,sidewalk
34.173989463000005,6.363285417799999,63,neighborhood,sidewalk
34.635426653,7.2362298686,65,neighborhood,sidewalk
36.155705434,7.690249656000001,67,neighborhood,sidewalk
26.550314206,6.555134492300001,68,neighborhood,sidewalk
40.376832689000004,8.9404876845,70,neighborhood,sidewalk
61.071495696999996,8.4628951697,74,neighborhood,sidewalk
42.989890368000005,8.1715537975,75,neighborhood,sidewalk
70.673404255,3.7135314359,77,neighborhood,sidewalk
68.373296695,3.6580348631999997,8,neighborhood,sidewalk
46.547849172,5.1719151292,1,neighborhood,sidewalk
47.80351739899999,5.6642401426,10,neighborhood,sidewalk
52.436000315,7.123248385599999,11,neighborhood,sidewalk
44.262967132,5.9337737146,15,neighborhood,sidewalk
54.896387497,6.475170821799999,16,neighborhood,sidewalk
27.61115051,5.8515250301999995,19,neighborhood,sidewalk
61.506738498999994,7.1205113242,21,neighborhood,sidewalk
60.985856388,4.828818491,22,neighborhood,sidewalk
44.085766373,8.140070610499999,23,neighborhood,sidewalk
37.622486042,7.7373389436,27,neighborhood,sidewalk
59.310098538999995,5.4419919095000004,28,neighborhood,sidewalk
37.115662528,7.125411595499999,30,neighborhood,sidewalk
37.433183467,8.493364122000001,31,neighborhood,sidewalk
58.778122885,7.3104765009,34,neighborhood,sidewalk
53.530598783,8.2403910687,35,neighborhood,sidewalk
43.38192886,9.5790144739,37,neighborhood,sidewalk
49.118020734,6.869526598999999,38,neighborhood,sidewalk
52.303193066000006,10.876373225,39,neighborhood,sidewalk
68.057780718,5.0422171997000005,4,neighborhood,sidewalk
49.292229325,9.090490882200001,42,neighborhood,sidewalk
49.390150299,11.021032822999999,46,neighborhood,sidewalk
68.137415338,9.5508040383,48,neighborhood,sidewalk
56.032111726000004,15.695854077,50,neighborhood,sidewalk
33.812079214,10.041570256,51,neighborhood,sidewalk
32.477905619,8.6337158119,53,neighborhood,sidewalk
44.72830866100001,12.916465913,54,neighborhood,sidewalk
41.478366692,9.4059004022,55,neighborhood,sidewalk
56.310848575,7.8585573297,56,neighborhood,sidewalk
45.390098771000005,7.589353829099999,60,neighborhood,sidewalk
38.550674027,9.230257310399999,61,neighborhood,sidewalk
46.295753868999995,7.0769753155999995,64,neighborhood,sidewalk
39.226903348,7.5448896876,66,neighborhood,sidewalk
30.279052654,7.252735286799999,69,neighborhood,sidewalk
77.205216945,3.5471326599,7,neighborhood,sidewalk
20.552076287000002,5.3260913967,71,neighborhood,sidewalk
45.526814278,9.2203366274,72,neighborhood,sidewalk
53.636200327,8.4469262502,76,neighborhood,sidewalk
57.806709033999994,7.356604945599999,9,neighborhood,sidewalk
1.2985142590635113,1.5665723764208561,1701010,place,violence
0.7961588187097248,0.49129759731781864,1702154,place,violence
0.3803305367100108,0.4520559379749548,1703844,place,violence
0.1968263214673037,0.14424502320909585,1703883,place,violence
3.4131651232958755,4.028687338964851,1704013,place,violence
0.7858195439063564,0.6056664200244045,1704572,place,violence
9.901323244462583,5.483161808466656,1704975,place,violence
0.1690026671290284,0.20453674907039177,1705404,place,violence
13.53484058097268,5.1115066782592145,1705573,place,violence
9.284490031447922,5.7860380051783045,1706704,place,violence
8.340554979806598,5.645513884731418,1708225,place,violence
6.062184853688275,2.7325014881263483,1708446,place,violence
1.720293072856358,1.650255541243991,1708576,place,violence
0,NA,1709447,place,violence
2.6657691024897816,2.3800666538243833,1709642,place,violence
1.3985268591487143,1.6093101452975656,1709980,place,violence
30.328503157190845,10.495735223185159,1710487,place,violence
9.46173155710249,4.073351012017472,1710513,place,violence
6.841182024243326,3.7465189814945887,1714026,place,violence
2.2757738824193217,1.9848849592340716,1714065,place,violence
12.352947015503265,6.478011790266983,1714351,place,violence
9.415859849223914,4.8124637035851805,1716691,place,violence
2.017247873160108,2.3212836039720917,1716873,place,violence
5.20554677759474,3.5048698340833178,1717497,place,violence
5.361280832822262,3.5362049084149563,1719642,place,violence
2.339683459825227,1.6067169939337025,1720149,place,violence
8.053549018579837,3.8239979335527625,1720292,place,violence
3.3880066853910216,1.194272128392664,1721904,place,violence
1.5840570807303542,1.8827896798132135,1723074,place,violence
1.312693541802766,1.5603829192235468,1723256,place,violence
1.0988976493039435,0.9591334205373199,1723724,place,violence
7.547639908229148,2.4683581067539944,1724582,place,violence
5.862004433261383,3.562910823686512,1724634,place,violence
6.147737634630532,6.026036111766682,1726571,place,violence
0.7118758415572637,0.4481742893289655,1726710,place,violence
18.26343359468401,10.976471787513068,1726935,place,violence
0.0731222949551125,0.06528545015816548,1726987,place,violence
6.628801703048282,5.4165319319435605,1727702,place,violence
1.0527449877045247,0.9540934014725049,1729652,place,violence
1.4820030145340013,1.7583846313319393,1729938,place,violence
5.972479472158194,3.545809816224579,1730029,place,violence
0.0624045586279207,0.056556695404960056,1730328,place,violence
1.3365228252963446,1.61427966402318,1732746,place,violence
39.80945188751744,12.051854288104963,1733383,place,violence
2.566992307160225,1.493990052746903,1733435,place,violence
10.488648095588518,5.058263041756686,1733695,place,violence
1.8974814391037291,2.270618314358701,1734514,place,violence
0.2604032721708966,0.3151550188049024,1735086,place,violence
0.6361880438925182,0.7320730858014738,1735307,place,violence
0.5718463353726396,0.5523214443714031,1735385,place,violence
4.830846387887688,3.540306723946937,1735411,place,violence
1.348145398260902,0.8193992150726771,1735866,place,violence
3.652386262513225,3.6160664983448583,1735879,place,violence
1.3243890212088296,1.5239983946031899,1737257,place,violence
0.6314903309056735,0.7578947073999822,1737608,place,violence
5.363103347165026,2.991683185045177,1738830,place,violence
0.2876252662292198,0.26067221578935057,1739519,place,violence
0,NA,1740767,place,violence
3.835538033269835,3.7261850035053126,1740793,place,violence
12.552671360382485,5.298300870429572,1742028,place,violence
0,NA,1742795,place,violence
9.14018009906192,5.293144512136298,1743744,place,violence
3.912854837029972,2.4634084112155517,1745421,place,violence
4.089158967685734,3.9495403705345153,1745434,place,violence
0.1853679757043587,0.08355374863815969,1745564,place,violence
11.796487334845446,5.759852590899077,1747007,place,violence
10.731856433629284,8.16495546987552,1747540,place,violence
17.202954467505087,7.529589697533218,1747774,place,violence
6.896950431758968,4.29985050321673,1748242,place,violence
2.723754529106593,1.1725980810875096,1748554,place,violence
33.07177555104848,14.108238117413826,1748892,place,violence
4.854867372316938,3.4979222074054137,1750647,place,violence
1.4864944465350385,1.5763651312312803,1751089,place,violence
0.7278106081491105,0.8757462840360904,1753000,place,violence
4.303619612571308,2.504707503039158,1753377,place,violence
0,NA,1753481,place,violence
0.7369048944360854,0.6678503393564436,1753663,place,violence
0,NA,1753871,place,violence
5.364493327042221,2.418020293503325,1754144,place,violence
17.231455355662124,8.603539744772124,1754638,place,violence
11.982061500057505,4.294565375036106,1754820,place,violence
18.016082240969208,4.288313391323345,1754885,place,violence
3.524584388529996,2.092515509047955,1755938,place,violence
0.4975818208453735,0.18947821077135643,1756627,place,violence
4.384834929293063,1.6697367993039725,1756640,place,violence
4.9584858456086085,3.1525888971679135,1757225,place,violence
1.907524584231748,1.631464142115719,1757381,place,violence
0,NA,1757394,place,violence
0,NA,1757407,place,violence
20.070396747913737,7.649908992824569,1757732,place,violence
5.8990498131025655,3.1927623866760824,1757875,place,violence
1.4506882101984937,0.996222540462503,1759572,place,violence
4.427027412927426,3.0401463698393565,1761314,place,violence
8.352155337899179,5.494366725859342,1762016,place,violence
16.520353124703334,7.577565078473473,1763706,place,violence
38.220791715739686,11.652127212660439,1764278,place,violence
7.498652655951875,3.9686961875855236,1764304,place,violence
0.3359611056721743,0.40659945511876444,1764343,place,violence
3.360259637088594,3.2455282851647316,1764421,place,violence
3.826269340436202,2.6275913294294844,1764616,place,violence
2.698501965385196,3.181688456581441,1765338,place,violence
0.3167865413283409,0.380197180064437,1765806,place,violence
2.143245825835567,1.348579480037501,1765819,place,violence
23.213267920079705,8.182675378240328,1767769,place,violence
1.308085008945748,1.0820673369283536,1768003,place,violence
6.385328494822828,4.017795288629419,1768081,place,violence
2.655684504004609,1.7930872015127117,1770122,place,violence
0.4589054921250939,0.3363108799112616,1770564,place,violence
1.652471207919244,1.04034308514487,1770629,place,violence
1.238630158445589,1.1145936462858852,1770850,place,violence
2.841166339477069,1.686776077340665,1772520,place,violence
0.6385777117681912,0.5701384700705813,1772676,place,violence
0,NA,1772923,place,violence
1.9314210488436032,2.2881731865634243,1773157,place,violence
14.363230766647126,11.070387121163554,1773638,place,violence
6.26994835666932,2.2101563733978695,1775185,place,violence
8.163725263767173,4.365962343769984,1775484,place,violence
3.283703476938672,2.138564100276929,1780047,place,violence
0,NA,1780242,place,violence
1.2870256128901003,1.5434070916607656,1781087,place,violence
0,NA,1782049,place,violence
1.1456394207171765,1.3663741036507777,1782075,place,violence
0,NA,1782530,place,violence
0.9575343230306675,1.1575937485435142,1783518,place,violence
42.286530799999994,6.5903508867,14,neighborhood,violence
9.8282805902,4.0496150979,18,neighborhood,violence
18.183798701,5.0190357533,2,neighborhood,violence
64.395946286,6.873002305700001,43,neighborhood,violence
39.244228913,11.578350087,45,neighborhood,violence
27.122242164,6.1679149825,47,neighborhood,violence
52.402927046,10.154709914,52,neighborhood,violence
26.720927554,2.4077453447,6,neighborhood,violence
47.368107675,9.0632091779,49,neighborhood,violence
27.802513268000002,3.6018883164999997,24,neighborhood,violence
5.7175987784,2.0213682362,12,neighborhood,violence
18.390970432,8.8073123842,13,neighborhood,violence
21.635223616999998,5.828946146,73,neighborhood,violence
20.077395876,6.003147852000001,17,neighborhood,violence
34.544768446999996,7.8763852647000006,20,neighborhood,violence
51.363273983999996,6.8990639496,25,neighborhood,violence
72.194152467,10.859956132,26,neighborhood,violence
57.367758251000005,9.119593334400001,29,neighborhood,violence
33.256931815,4.9214894032,3,neighborhood,violence
44.458842705,5.5755247267999994,32,neighborhood,violence
48.024997223999996,7.3259701457,33,neighborhood,violence
25.723269813,6.151992859400001,36,neighborhood,violence
54.5279787,6.479838916,40,neighborhood,violence
39.868376126,7.0297061086,41,neighborhood,violence
54.26466436,7.3804888848,44,neighborhood,violence
9.167785306699999,2.9501960577,5,neighborhood,violence
28.837370994,6.5343214719,57,neighborhood,violence
43.578929207,8.4332088719,58,neighborhood,violence
9.8238970534,4.1882701142,59,neighborhood,violence
19.041729917,5.2851272624000005,62,neighborhood,violence
31.412435215,6.4367762104,63,neighborhood,violence
40.146599181,8.9365313341,65,neighborhood,violence
48.103544615,8.0656056722,67,neighborhood,violence
75.248770082,6.6739818629,68,neighborhood,violence
26.630210883,9.641467265900001,70,neighborhood,violence
6.8554499429,2.1425889403,74,neighborhood,violence
23.624819104,7.578084652,75,neighborhood,violence
15.864158492,3.0074466477999997,77,neighborhood,violence
35.414202725,3.7342526043,8,neighborhood,violence
38.256937959,5.1400382657999995,1,neighborhood,violence
15.184951538,4.1038699904,10,neighborhood,violence
13.214081274000002,3.5610630722,11,neighborhood,violence
17.880634249,4.6593342060000005,15,neighborhood,violence
21.233113764000002,4.974664724,16,neighborhood,violence
17.511607864000002,4.799168816,19,neighborhood,violence
19.573154651,5.8686424594,21,neighborhood,violence
28.577492176999996,4.1311503066,22,neighborhood,violence
46.526000168,8.0144694575,23,neighborhood,violence
67.99671695800001,7.560531795299999,27,neighborhood,violence
31.24210211,4.6936395131,28,neighborhood,violence
56.783398193000004,7.3489192198,30,neighborhood,violence
43.38097848,8.0965605178,31,neighborhood,violence
36.012207116999996,7.463881626799999,34,neighborhood,violence
37.941671773,8.5138854403,35,neighborhood,violence
47.910386176,9.8443364715,37,neighborhood,violence
40.117467409,6.640743910299999,38,neighborhood,violence
27.72627846,7.0286166337000004,39,neighborhood,violence
12.439516771,3.4206190031,4,neighborhood,violence
40.891576239,8.555439867,42,neighborhood,violence
54.44417983,10.618266037,46,neighborhood,violence
24.236443159,8.8611621241,48,neighborhood,violence
33.435202598000004,14.466492580999999,50,neighborhood,violence
38.616990155,10.723886141,51,neighborhood,violence
37.88976883,10.923247255,53,neighborhood,violence
40.675603202,11.927060284000001,54,neighborhood,violence
18.139247910999998,5.639088818099999,55,neighborhood,violence
12.123777768,4.2861800957,56,neighborhood,violence
22.63060086,5.8254665706,60,neighborhood,violence
71.407372218,7.5919066011,61,neighborhood,violence
16.094531935,4.2271764788,64,neighborhood,violence
40.314535353000004,7.565460690599999,66,neighborhood,violence
51.628832055,7.5052151481,69,neighborhood,violence
24.346167085,3.5787588617000003,7,neighborhood,violence
65.472692575,6.7311913773,71,neighborhood,violence
16.099581870999998,7.740670139800001,72,neighborhood,violence
6.7238200163999995,3.0236378526,76,neighborhood,violence
63.68918891808673,10.34708370376969,1701010,place,transit
68.01144200683693,4.695142242048857,1702154,place,transit
13.387865844427491,1.574530436611761,1703844,place,transit
1.6772077810078303,0.230679937920069,1703883,place,transit
50.50569869778025,10.84422346057166,1704013,place,transit
4.07108201013617,0.48086558420101905,1704572,place,transit
72.68182204404778,9.207804298782278,1704975,place,transit
18.289179817611448,1.5751235601716602,1705404,place,transit
72.42628177268162,8.398815241616724,1705573,place,transit
44.77982362692357,11.763939629584083,1706704,place,transit
75.14770996842701,8.317831122527,1708225,place,transit
45.36247548126286,3.0312924760811257,1708446,place,transit
83.81422069173325,6.8327124539622694,1708576,place,transit
51.755883245097465,9.875499080788767,1709447,place,transit
60.74076462016424,5.509982641588668,1709642,place,transit
16.098172852841923,2.43716183172157,1709980,place,transit
58.981517230712335,10.484576061004995,1710487,place,transit
52.22844174858446,9.38877091347697,1710513,place,transit
40.53520724293538,14.273823812806919,1714026,place,transit
66.21528343890107,9.899756916879138,1714065,place,transit
75.4045506942417,7.324853987164613,1714351,place,transit
37.94334462581288,10.967838397136408,1716691,place,transit
23.22015107305564,3.5153844128384666,1716873,place,transit
50.99515381185138,12.372699131745913,1717497,place,transit
71.52499554353903,6.696250079829587,1719642,place,transit
10.50974043529987,2.3070759228600277,1720149,place,transit
66.08294442684053,13.593042525397347,1720292,place,transit
4.920011653850611,1.2328148862841875,1721904,place,transit
55.75977114586295,6.557838107125272,1723074,place,transit
53.23716938171241,6.924285359735941,1723256,place,transit
91.90859017304348,6.55761788052867,1723724,place,transit
87.14373223567543,3.8075878370481244,1724582,place,transit
60.98210219959719,10.030481090009655,1724634,place,transit
56.40872716588788,10.201927931616925,1726571,place,transit
6.481129574002695,1.2036618106129533,1726710,place,transit
95.13947129221503,3.6760744134648884,1726935,place,transit
1.6661248351203506,0.15113933743905003,1726987,place,transit
75.9542253327122,8.677726935030003,1727702,place,transit
43.56429225415008,2.6931170560928077,1729652,place,transit
70.95395205029236,6.308531929146615,1729938,place,transit
20.203679343759514,6.708620056757427,1730029,place,transit
2.582401684937794,0.1596424425494081,1730328,place,transit
49.33733134574933,11.03948758876085,1732746,place,transit
35.83232503411038,11.186923843793727,1733383,place,transit
29.15937358421479,2.7237952474719376,1733435,place,transit
56.89827917919531,10.055752938637902,1733695,place,transit
66.520237642284,10.709897850380926,1734514,place,transit
28.180397095105427,2.4269873139281413,1735086,place,transit
7.3230378311984206,1.1086617380493067,1735307,place,transit
5.398510475428431,0.680445976581025,1735385,place,transit
41.16488633337965,5.661739428709687,1735411,place,transit
14.024680703102629,2.3068128108385118,1735866,place,transit
57.17910906556456,12.718425389649497,1735879,place,transit
15.244786503995735,2.307964521186232,1737257,place,transit
27.935738259126747,5.632558384816143,1737608,place,transit
53.73174045895336,9.508466454501594,1738830,place,transit
11.902399255311694,0.7357988110056497,1739519,place,transit
84.71455087096786,5.61314821336258,1740767,place,transit
83.38183745325863,7.291796128120122,1740793,place,transit
43.61563918515524,10.762119698256418,1742028,place,transit
44.86274609054679,8.21777102153594,1742795,place,transit
66.15043039004831,9.0733841102534,1743744,place,transit
35.62379522190106,6.615976639272273,1745421,place,transit
38.60367052690525,4.865733318634998,1745434,place,transit
1.3870824555579764,0.0926901049078279,1745564,place,transit
54.928001902638165,9.652142259483924,1747007,place,transit
54.02382848974946,12.630473715411087,1747540,place,transit
53.42408684535236,10.536538773694247,1747774,place,transit
68.5692275295157,7.946477894334203,1748242,place,transit
15.035033904983344,2.702751303394448,1748554,place,transit
80.87052797921416,8.280602290591824,1748892,place,transit
91.46952294605144,3.4837792641172376,1750647,place,transit
72.43495475493769,5.910525428290657,1751089,place,transit
74.98473982548013,7.254833795598086,1753000,place,transit
48.88633740634255,4.566503224396722,1753377,place,transit
62.32267546958975,6.022847686744165,1753481,place,transit
30.49431776894629,1.8851394811685425,1753663,place,transit
54.16318771274317,8.309408065476108,1753871,place,transit
40.14174804803209,2.6824236892672406,1754144,place,transit
46.57675518360712,10.385167513890638,1754638,place,transit
68.28092326686186,5.902684143522738,1754820,place,transit
92.37100588229418,2.6419967209876414,1754885,place,transit
11.922949779540843,3.9590085877820753,1755938,place,transit
4.959990335496835,0.6317200709145133,1756627,place,transit
43.70886949827109,5.5668999879765275,1756640,place,transit
58.78624081079494,5.8219777279489895,1757225,place,transit
57.98695061347973,8.311332961803364,1757381,place,transit
43.73915812996093,4.763447190963273,1757394,place,transit
12.181914927979486,1.3266809633560106,1757407,place,transit
58.825586344495584,10.48146864513646,1757732,place,transit
81.80728474887012,5.002966006756481,1757875,place,transit
6.5164184828980245,1.4304703601126705,1759572,place,transit
19.885984496936985,4.365329126602931,1761314,place,transit
57.45795613238845,10.619462161649023,1762016,place,transit
58.57075660740683,11.703869029996477,1763706,place,transit
55.73246420650616,11.47964256970335,1764278,place,transit
90.06613637523763,4.737643407868288,1764304,place,transit
36.35713671116712,3.1311946837001647,1764343,place,transit
31.72250258307777,3.998408329109225,1764421,place,transit
17.187409448342386,3.7729436572404063,1764616,place,transit
62.5588984340298,8.653057168555767,1765338,place,transit
14.01393729951576,2.825567712171951,1765806,place,transit
21.21552030417008,1.6160208243997283,1765819,place,transit
33.70995375635375,8.446754953163433,1767769,place,transit
55.07225590745654,5.301607404034899,1768003,place,transit
63.20696613413247,4.814577821115671,1768081,place,transit
83.41022109381278,4.393668211538472,1770122,place,transit
3.910451896888661,0.5378360457352785,1770564,place,transit
15.04458978746206,2.794049706418999,1770629,place,transit
84.48355836818803,5.915277124851697,1770850,place,transit
9.611085974036024,3.1913555464615744,1772520,place,transit
14.550284361075294,1.319901301227432,1772676,place,transit
18.102900251453164,2.777243949446193,1772923,place,transit
57.29875384035999,7.620080706204221,1773157,place,transit
74.41134651710776,8.789274086113695,1773638,place,transit
9.105123409841868,2.2814847750050724,1775185,place,transit
60.8161086693889,7.1651710367857335,1775484,place,transit
66.43392816653478,10.119910418086178,1780047,place,transit
75.11271608628903,9.870720214826381,1780242,place,transit
70.62538714314786,7.879707622990016,1781087,place,transit
14.247350443174058,1.551618831929892,1782049,place,transit
85.11673690767331,6.062609171543118,1782075,place,transit
94.92961202633408,4.213079119566208,1782530,place,transit
59.06337702266702,10.747512276507944,1783518,place,transit
76.49218209899999,5.114549837799999,14,neighborhood,transit
65.599379502,8.7327384832,18,neighborhood,transit
69.211510615,5.535139003099999,2,neighborhood,transit
67.460314843,6.867040634199999,43,neighborhood,transit
74.601092398,7.7625540249,45,neighborhood,transit
70.492080687,6.567612099400001,47,neighborhood,transit
56.713872395,10.676242918,52,neighborhood,transit
94.079125935,1.2548373496,6,neighborhood,transit
71.637918853,7.3086661776,49,neighborhood,transit
86.030262977,3.2107735548000003,24,neighborhood,transit
83.396434832,3.3686402945999996,12,neighborhood,transit
83.081620701,4.9821241942,13,neighborhood,transit
61.202520314,8.4831885238999991,73,neighborhood,transit
76.06931121699999,6.0947493486,17,neighborhood,transit
64.779763321,7.3129906665,20,neighborhood,transit
72.491732166,5.869665093099999,25,neighborhood,transit
64.63408084,10.993519679,26,neighborhood,transit
75.125959658,7.5111760439,29,neighborhood,transit
87.030534845,3.0793321626999997,3,neighborhood,transit
90.337823518,2.9798595233999996,32,neighborhood,transit
86.918269237,4.5958754124,33,neighborhood,transit
81.509347213,5.17870885,36,neighborhood,transit
71.255202948,6.5306269908,40,neighborhood,transit
88.557573549,4.311397281600001,41,neighborhood,transit
63.167290323,8.124234483,44,neighborhood,transit
87.495300736,3.6103931072,5,neighborhood,transit
60.038825295,7.986636701699999,57,neighborhood,transit
73.837211091,6.148146908999999,58,neighborhood,transit
77.740935107,6.7519399961,59,neighborhood,transit
75.215499271,6.6432644169,62,neighborhood,transit
61.31187107,7.263022579199999,63,neighborhood,transit
68.57251245,9.0556466598,65,neighborhood,transit
57.109010694,8.2644603001,67,neighborhood,transit
69.177382441,7.587565248,68,neighborhood,transit
69.916343922,8.93125032,70,neighborhood,transit
78.907981483,7.2746315424,74,neighborhood,transit
74.644230957,7.4608813176,75,neighborhood,transit
89.148166144,2.3599717548,77,neighborhood,transit
92.83454703700001,2.5043591919,8,neighborhood,transit
84.22861597100001,3.8443468061000003,1,neighborhood,transit
70.40794751,5.506328128300001,10,neighborhood,transit
73.138964701,5.940031826599999,11,neighborhood,transit
85.937314856,4.1530386191,15,neighborhood,transit
86.645230556,3.7103484651999996,16,neighborhood,transit
71.71762069399999,6.7677400236,19,neighborhood,transit
87.00123557100001,4.5343265664,21,neighborhood,transit
86.57373281,3.3091055036,22,neighborhood,transit
69.01286806600001,7.4537443389,23,neighborhood,transit
60.20300436,8.7559369926,27,neighborhood,transit
85.71213793300001,3.7865776753,28,neighborhood,transit
73.177298283,6.707652620399999,30,neighborhood,transit
73.237014885,8.0185879082,31,neighborhood,transit
69.823997663,6.6078474065999995,34,neighborhood,transit
82.926001472,5.5071324074,35,neighborhood,transit
70.90380023,8.3973417234,37,neighborhood,transit
76.24306113600001,5.8781761023,38,neighborhood,transit
89.371445515,3.7936573387,39,neighborhood,transit
86.60868072299999,4.2152931657999995,4,neighborhood,transit
60.260276751000006,9.9383339174,42,neighborhood,transit
78.42876358,7.7097767831,46,neighborhood,transit
80.045914852,8.2633805859,48,neighborhood,transit
65.334486254,15.926237687,50,neighborhood,transit
66.700341964,9.9460152827,51,neighborhood,transit
60.59222988,10.605121847000001,53,neighborhood,transit
76.547621529,9.1978567091,54,neighborhood,transit
57.37084609,8.7530783409,55,neighborhood,transit
74.77580967,7.3805467824,56,neighborhood,transit
73.23811930800001,6.9398717846,60,neighborhood,transit
59.321319268,9.3143652136,61,neighborhood,transit
67.558152208,6.3406041173,64,neighborhood,transit
66.070301602,7.2364824059,66,neighborhood,transit
69.97173374100001,6.2497287113999995,69,neighborhood,transit
94.38515614200001,2.0410817449,7,neighborhood,transit
61.29280461,7.6616164649,71,neighborhood,transit
74.023764399,10.596329295,72,neighborhood,transit
77.40243263100001,7.7719667088,76,neighborhood,transit
82.679660846,6.1860213346,9,neighborhood,transit
87.03099661845766,6.844427026834799,1701010,place,health
94.0097401923258,2.3771301639870646,1702154,place,health
17.599666435826535,0.8950720589809665,1703844,place,health
3.438596741296229,0.07950310451039776,1703883,place,health
92.06872450196596,7.943773791086298,1704013,place,health
4.595215377969056,0.272670057494663,1704572,place,health
63.492105882138304,10.691933833607143,1704975,place,health
19.20137601457612,1.5629555136324484,1705404,place,health
89.36607552308622,4.194911308598397,1705573,place,health
80.81418667968407,9.712293414918317,1706704,place,health
87.36875084649579,6.2119615600131795,1708225,place,health
43.35057177283655,3.634856613636119,1708446,place,health
91.3273619322388,6.028393215183254,1708576,place,health
93.4003354689294,3.6969097961048667,1709447,place,health
71.41727291063235,3.7263733064726394,1709642,place,health
23.452770547246917,1.5977373330300335,1709980,place,health
83.98106717227802,6.369134437208077,1710487,place,health
73.428581279854,2.109785611849095,1710513,place,health
92.53905248815666,3.830195992320677,1714026,place,health
91.10865219183567,4.358568030916336,1714065,place,health
74.7889162316385,7.46051932518569,1714351,place,health
90.54124163200156,5.946415099841387,1716691,place,health
33.82848974022819,2.30459087420402,1716873,place,health
78.32587487153032,9.173412539012514,1717497,place,health
95.3599269026564,1.8560648536258322,1719642,place,health
16.23727252779096,1.5286009144065396,1720149,place,health
85.26398660025536,7.202864846196474,1720292,place,health
8.882835988098961,0.6800637869155796,1721904,place,health
73.3017035059167,3.7279289879207274,1723074,place,health
86.96399850534266,5.870920714554668,1723256,place,health
85.82212206801609,8.858585560672497,1723724,place,health
92.68034075874203,2.5135262883475615,1724582,place,health
77.48660876401496,2.21969094946844,1724634,place,health
96.12675576972192,2.760673862812511,1726571,place,health
10.047396998927526,0.6371051233961375,1726710,place,health
95.92785018148795,3.505472963710573,1726935,place,health
1.9589824526751352,0.10221476712827744,1726987,place,health
84.61743618119189,6.572441601245583,1727702,place,health
46.39760610887666,2.3274401020501716,1729652,place,health
93.34891358336247,2.9780403090400696,1729938,place,health
40.88416142592303,4.299014380451644,1730029,place,health
2.750354705492294,0.13796586447593634,1730328,place,health
73.80802677863659,10.712296166451893,1732746,place,health
76.54876594019363,9.370045079283434,1733383,place,health
32.681852437850694,3.319969008028138,1733435,place,health
73.96437273240667,10.3098034140617,1733695,place,health
94.90766842249668,2.657512657238578,1734514,place,health
29.58593038393864,2.4082385025125235,1735086,place,health
10.66863472854224,0.7268086285973425,1735307,place,health
6.367626371286896,0.39166637136490356,1735385,place,health
84.39589036292939,1.9513004276397687,1735411,place,health
17.82039168024486,0.510485137491164,1735866,place,health
85.77996702331272,8.91098841872867,1735879,place,health
22.20950682964376,1.5130390730775671,1737257,place,health
63.193954563980654,2.04026584909384,1737608,place,health
81.51574154456355,7.231260665423307,1738830,place,health
12.676501873984432,0.6358905402574409,1739519,place,health
92.57095536836364,7.062252759930159,1740767,place,health
96.4249396033274,2.215371528882736,1740793,place,health
92.65014269055445,3.714731140645931,1742028,place,health
94.15581970182568,3.2112880441099336,1742795,place,health
93.68137864857198,4.616272439394093,1743744,place,health
55.2259307758115,3.5018745099198916,1745421,place,health
45.5336248015865,2.8007280203414506,1745434,place,health
1.325562966010214,0.11114573849317567,1745564,place,health
83.76177191751715,7.2213141275156145,1747007,place,health
96.46350143531048,1.6764473420783947,1747540,place,health
83.49002117112741,6.728162036234675,1747774,place,health
87.93100417675188,3.926480810405559,1748242,place,health
21.13793121479355,0.6073452920363434,1748554,place,health
89.8190534536491,5.9841240692027124,1748892,place,health
91.50583359230534,5.421976173964758,1750647,place,health
78.96778059845563,7.269985780461233,1751089,place,health
81.2113925415345,7.116254794740039,1753000,place,health
54.79185143421492,5.566001774226193,1753377,place,health
95.76100499547576,2.2342636844514026,1753481,place,health
32.47759279889837,1.629171378386057,1753663,place,health
66.68045705185169,4.925792923636484,1753871,place,health
38.36139256910966,3.216524160714568,1754144,place,health
88.43932297931633,6.323263218141009,1754638,place,health
86.11872775712463,5.072544757806208,1754820,place,health
94.4216329020684,2.0569547021249948,1754885,place,health
24.127278757791565,2.537009803389154,1755938,place,health
9.660540496366306,0.28803381481519313,1756627,place,health
85.13147713545727,2.538237289042091,1756640,place,health
92.81907518276978,2.758705706466067,1757225,place,health
97.68494339404174,1.9952969889989713,1757381,place,health
58.05280852107771,2.114971785088375,1757394,place,health
16.16844962202483,0.5890466909415687,1757407,place,health
86.15195148050447,6.8865519348799245,1757732,place,health
93.65646789086382,3.194468138590298,1757875,place,health
10.067695150354142,0.9477877510805889,1759572,place,health
30.72332297338785,2.892339185066164,1761314,place,health
92.03242886316852,5.559005150616196,1762016,place,health
80.9916128573757,9.928068254418111,1763706,place,health
64.45261126010917,12.706203398350176,1764278,place,health
98.21063367940826,1.5216272664660082,1764304,place,health
38.17049532927832,3.107005773320052,1764343,place,health
37.41718107811803,2.301493631230162,1764421,place,health
26.55409550573756,2.499841928614304,1764616,place,health
90.11434507870813,7.528534990857933,1765338,place,health
31.70118894848766,1.0234974790474043,1765806,place,health
19.853571898425702,2.286123557693489,1765819,place,health
60.86164250235797,4.6595253062770645,1767769,place,health
92.10929737166096,2.685381749718309,1768003,place,health
59.14934107831898,6.811001201849967,1768081,place,health
90.39229201053432,4.186780503814337,1770122,place,health
8.017174319068001,0.18536347694166275,1770564,place,health
23.322935385673432,1.478906589282348,1770629,place,health
88.85682758521565,5.322450304459481,1770850,place,health
19.44899162945212,2.0450827847305084,1772520,place,health
17.107812778459067,0.8926425537076267,1772676,place,health
22.28653285941988,1.6463421323875576,1772923,place,health
97.60316652941025,1.5764545662565088,1773157,place,health
83.99147031660033,4.983870647301554,1773638,place,health
16.43884681405705,1.2585467559989583,1775185,place,health
92.07793539685244,3.383613556324137,1775484,place,health
84.3517927450892,10.048654373753436,1780047,place,health
99.11737118301583,1.0630996439476277,1780242,place,health
94.96395868125046,2.44523012052169,1781087,place,health
18.909799423956446,0.6889191627796518,1782049,place,health
95.41606128275994,2.5610969906747414,1782075,place,health
96.78817122914612,2.7129701733277938,1782530,place,health
90.4486813087953,5.158649913999774,1783518,place,health
82.041127743,5.675125463,14,neighborhood,health
90.43955648,3.6968361526,18,neighborhood,health
90.183871941,3.2263408262,2,neighborhood,health
75.694690325,5.976474164600001,43,neighborhood,health
93.22981663700001,2.4527203725,45,neighborhood,health
70.655813755,9.028823624700001,47,neighborhood,health
91.734586399,3.1437771833999997,52,neighborhood,health
95.301584907,1.5323096388,6,neighborhood,health
84.30573945399999,6.3557787125,49,neighborhood,health
95.768315898,1.5582466413,24,neighborhood,health
90.697305605,4.1221677068,12,neighborhood,health
89.903856118,5.624348004600001,13,neighborhood,health
91.53017969,2.8540003057999996,73,neighborhood,health
89.430346049,4.8727270118,17,neighborhood,health
80.72778975899999,5.4881372824,20,neighborhood,health
73.295080005,6.2621206338,25,neighborhood,health
80.870363607,6.478357036699999,26,neighborhood,health
80.103057515,7.35092141,29,neighborhood,health
88.094875795,3.2753238329000003,3,neighborhood,health
95.04750941299999,2.4770652851,32,neighborhood,health
98.72294426799999,1.0008013271,33,neighborhood,health
93.618525619,2.2710094113,36,neighborhood,health
76.439985777,5.4182826472,40,neighborhood,health
97.24789803200001,1.6274533328,41,neighborhood,health
82.29163705100001,5.4537694709,44,neighborhood,health
96.08796990299999,1.5617022536,5,neighborhood,health
88.084300822,4.4984573324,57,neighborhood,health
86.930630167,3.9911636933,58,neighborhood,health
89.56302738299999,3.8677512086,59,neighborhood,health
91.33510346899999,4.5662218383,62,neighborhood,health
89.82346519,3.8368423912000003,63,neighborhood,health
83.025320818,6.1297819249000005,65,neighborhood,health
81.117096293,6.5604665241,67,neighborhood,health
86.607704301,4.0248725306,68,neighborhood,health
95.655509272,1.9445801969999998,70,neighborhood,health
86.569792399,6.844798244500001,74,neighborhood,health
90.815294173,3.7832683113,75,neighborhood,health
86.71901057,3.145436236,77,neighborhood,health
97.32483731100001,1.0496462396,8,neighborhood,health
82.282576927,4.2830992395,1,neighborhood,health
92.56401658200001,2.924077238,10,neighborhood,health
87.22220968200001,4.2398000391,11,neighborhood,health
89.103271193,3.2360926920999997,15,neighborhood,health
88.637295166,4.6403469666,16,neighborhood,health
84.672729569,5.1607432473,19,neighborhood,health
94.99361688399999,2.7753413746,21,neighborhood,health
86.09677426100001,4.4233477258,22,neighborhood,health
88.30439203899999,3.758847672,23,neighborhood,health
74.461432505,7.1436410159,27,neighborhood,health
88.70007210899999,3.5907157127,28,neighborhood,health
80.875111034,5.9068102502999995,30,neighborhood,health
89.51321278399999,5.7431880223,31,neighborhood,health
82.43581014,5.5747354288,34,neighborhood,health
93.354340507,2.5483507155000003,35,neighborhood,health
78.345763793,6.7020324276,37,neighborhood,health
82.75835274399999,5.025506250199999,38,neighborhood,health
89.84759067200001,5.0474005746,39,neighborhood,health
90.88059871700001,3.2940559214999996,4,neighborhood,health
73.102018587,7.952477738,42,neighborhood,health
86.35155913,4.2747883281,46,neighborhood,health
74.405768635,12.881992981,48,neighborhood,health
72.387373571,16.357793057000002,50,neighborhood,health
86.724440319,5.8467946517,51,neighborhood,health
89.439748845,3.7526524689999996,53,neighborhood,health
79.201354897,7.632056834199999,54,neighborhood,health
88.218962889,3.7906206302,55,neighborhood,health
90.39903494299999,4.1319838698,56,neighborhood,health
85.088982391,6.9106948333,60,neighborhood,health
73.080447783,8.8078572741,61,neighborhood,health
93.010379447,2.7645152909,64,neighborhood,health
83.046947249,5.257626226,66,neighborhood,health
86.21016895700001,4.156482146,69,neighborhood,health
94.950274784,1.9634783138,7,neighborhood,health
77.981963386,6.223907202,71,neighborhood,health
82.907068518,10.113227201,72,neighborhood,health
81.783262209,7.8593038629,76,neighborhood,health
91.770933839,6.0065232801,9,neighborhood,health
34.22193205126332,10.698267879489576,1701010,place,inactivity
22.40875573275142,4.457706131636117,1702154,place,inactivity
6.506503663134545,1.6814830870701452,1703844,place,inactivity
0.9087206871800984,0.20744165561262218,1703883,place,inactivity
30.261000527031516,9.886170754529028,1704013,place,inactivity
1.7529662987287251,0.6597564918121663,1704572,place,inactivity
42.067063380681816,10.042122272924479,1704975,place,inactivity
4.9881342716451424,1.6612369372618319,1705404,place,inactivity
22.92240742770131,6.2892334365022995,1705573,place,inactivity
37.1137777976519,12.12599522171124,1706704,place,inactivity
40.15225170414281,9.944317855769537,1708225,place,inactivity
23.73684579336134,5.199081214242257,1708446,place,inactivity
25.627698658693383,8.963704527154645,1708576,place,inactivity
19.603354820494523,8.767848605399825,1709447,place,inactivity
29.874618522105592,7.4821230388286635,1709642,place,inactivity
4.7315384850063404,1.9492667890610456,1709980,place,inactivity
44.16711736200173,10.298718733290604,1710487,place,inactivity
27.833292701193656,9.663353269970605,1710513,place,inactivity
21.636572902148156,8.74588557291249,1714026,place,inactivity
33.618438325122746,9.861727541297252,1714065,place,inactivity
46.1672400779715,8.146970739326488,1714351,place,inactivity
32.649143611713946,9.393924019107606,1716691,place,inactivity
6.824814184451276,2.811640161740287,1716873,place,inactivity
45.65829387623565,12.470615918348676,1717497,place,inactivity
33.206500784412455,5.860709818711877,1719642,place,inactivity
10.539066851107432,2.2636107862067414,1720149,place,inactivity
29.368261368818565,10.837887794131106,1720292,place,inactivity
4.256076964859723,1.2320144668054096,1721904,place,inactivity
27.09925237016862,7.003290383261223,1723074,place,inactivity
21.43861305135428,5.949773688519171,1723256,place,inactivity
21.61722334365829,9.375269039466998,1723724,place,inactivity
18.40133093348801,3.640632467246758,1724582,place,inactivity
32.29690324865711,10.407847764358337,1724634,place,inactivity
18.44597008540131,7.55553295959537,1726571,place,inactivity
5.259211875013141,1.1971418904242337,1726710,place,inactivity
13.550354117276948,10.86432593977763,1726935,place,inactivity
0.8194635706463053,0.2052353323566851,1726987,place,inactivity
25.34520004225367,7.943866114140145,1727702,place,inactivity
2.953633833378292,2.0931547155668393,1729652,place,inactivity
9.46238567752142,3.4796131577203773,1729938,place,inactivity
15.475326987856612,5.766291439546628,1730029,place,inactivity
0.1750853415340119,0.1240779084113403,1730328,place,inactivity
37.93651160891621,10.883218485680198,1732746,place,inactivity
42.56203805298872,12.323133748847965,1733383,place,inactivity
9.766567763735946,3.1071663213315834,1733435,place,inactivity
40.132492796447,10.43232754479383,1733695,place,inactivity
37.78664957009696,10.79282827852809,1734514,place,inactivity
7.685834244098029,2.5596728244760123,1735086,place,inactivity
2.152370684686481,0.8867189195867482,1735307,place,inactivity
1.4230939486545553,0.5039714560781783,1735385,place,inactivity
22.303368861120703,5.091385975427818,1735411,place,inactivity
7.4276507274031935,2.3935997028090372,1735866,place,inactivity
30.59165411590312,13.191622974195525,1735879,place,inactivity
4.48071310320334,1.8459334677425168,1737257,place,inactivity
15.688692869778102,5.1669777552526694,1737608,place,inactivity
41.44571321853486,10.02423147695509,1738830,place,inactivity
0.8069757895703262,0.5718803597788636,1739519,place,inactivity
6.83531587598666,3.5511851223094664,1740767,place,inactivity
14.95174571665752,5.362825013856434,1740793,place,inactivity
39.079373444858696,11.837150875557036,1742028,place,inactivity
26.489794448487736,7.784979106218349,1742795,place,inactivity
23.390500180660705,8.142217787951378,1743744,place,inactivity
28.907474341444253,6.580139629841427,1745421,place,inactivity
10.176260687598877,3.6037992579541513,1745434,place,inactivity
0.7258193473999549,0.15897620799542245,1745564,place,inactivity
48.9700382038828,9.917141676397742,1747007,place,inactivity
15.611808626958524,6.21958911050221,1747540,place,inactivity
34.59179134892704,9.730901632853069,1747774,place,inactivity
39.83884616976251,7.794571149826024,1748242,place,inactivity
8.012387225033645,2.7817954965845297,1748554,place,inactivity
44.0094273281367,13.175578955559143,1748892,place,inactivity
29.90054691611612,10.354534310158671,1750647,place,inactivity
20.42424426362171,4.8550585336806185,1751089,place,inactivity
42.97537809108671,8.619132447219965,1753000,place,inactivity
16.37386775888659,5.20923334390382,1753377,place,inactivity
16.89565805987652,4.792492886989655,1753481,place,inactivity
2.067497118114396,1.465175301453061,1753663,place,inactivity
46.41460628281069,7.676151555018191,1753871,place,inactivity
21.004993073750452,4.6007235268625015,1754144,place,inactivity
34.84113932899768,10.876929615348695,1754638,place,inactivity
33.14672002161165,6.318662323285491,1754820,place,inactivity
16.022338087299854,4.267458593504703,1754885,place,inactivity
9.13257151624608,3.4029050886291414,1755938,place,inactivity
2.363576349699001,0.4704093989294345,1756627,place,inactivity
20.828518450700823,4.145383687830759,1756640,place,inactivity
25.476972341657135,5.586841436550442,1757225,place,inactivity
24.749455897336567,7.949182238022371,1757381,place,inactivity
17.861009401160562,5.006227170449327,1757394,place,inactivity
4.974519546221868,1.3942982926042802,1757407,place,inactivity
38.2289661329396,10.068677444461136,1757732,place,inactivity
15.446742611055203,4.416058317410412,1757875,place,inactivity
6.534601919414086,1.403520406249126,1759572,place,inactivity
19.94147441637792,4.283086654587034,1761314,place,inactivity
27.87835416444994,11.180805989952038,1762016,place,inactivity
43.49376606661497,12.202626170781766,1763706,place,inactivity
29.92752438507314,10.169389713196,1764278,place,inactivity
16.276621120773203,5.689776628868096,1764304,place,inactivity
9.915932887992414,3.3023798245730673,1764343,place,inactivity
8.36232543543852,2.9614160961628424,1764421,place,inactivity
17.235369254699158,3.701861682857956,1764616,place,inactivity
27.41289110050351,8.44310859391305,1765338,place,inactivity
7.870218289885387,2.5920096193071607,1765806,place,inactivity
8.308684706910904,2.255245918983176,1765819,place,inactivity
29.160938583675154,8.441270798752097,1767769,place,inactivity
33.15103448964996,4.823128333761629,1768003,place,inactivity
24.753894571498027,6.71900808377965,1768081,place,inactivity
25.124764177697045,5.69532135631754,1770122,place,inactivity
2.1187050138713808,0.4836554092282234,1770564,place,inactivity
12.208162845918284,2.7789150723145166,1770629,place,inactivity
34.1920572429668,10.411337316768918,1770850,place,inactivity
7.3617629554465696,2.743080695049179,1772520,place,inactivity
7.156383318411179,1.7923221500469728,1772676,place,inactivity
15.513100746662795,2.5655913505777215,1772923,place,inactivity
34.062614370228886,7.1426460127818645,1773157,place,inactivity
32.04076517317617,12.05904690863852,1773638,place,inactivity
7.876425653688023,2.280003494340176,1775185,place,inactivity
19.476043354119767,4.8116560822555,1775484,place,inactivity
43.60415321486247,11.15264784473605,1780047,place,inactivity
11.411785404769033,4.681856154256237,1780242,place,inactivity
34.83939024866248,9.358991730686407,1781087,place,inactivity
5.817946002779826,1.6307006340543604,1782049,place,inactivity
8.74543150062199,5.669919040804898,1782075,place,inactivity
5.485051033227505,3.338478747671324,1782530,place,inactivity
31.65291828677896,10.46485154094494,1783518,place,inactivity
24.267114558000003,5.5417215204999994,14,neighborhood,inactivity
31.39967359,8.129431992799999,18,neighborhood,inactivity
26.387776556,5.3641295817,2,neighborhood,inactivity
21.731766685,7.0526091128,43,neighborhood,inactivity
38.693827586,11.648001795,45,neighborhood,inactivity
41.92490845,8.9475398417,47,neighborhood,inactivity
47.583977956000005,10.479224452999999,52,neighborhood,inactivity
10.231061107999999,1.6912613133,6,neighborhood,inactivity
21.578832124,5.8968827351,49,neighborhood,inactivity
12.090503879000002,2.6813596755,24,neighborhood,inactivity
13.039775837999999,5.2195654575,12,neighborhood,inactivity
24.673994918000002,7.2246872907,13,neighborhood,inactivity
29.92238535,6.788394713200001,73,neighborhood,inactivity
25.822640654,6.1633725815,17,neighborhood,inactivity
44.212558381,7.5984778002999995,20,neighborhood,inactivity
37.733931394,6.649180266,25,neighborhood,inactivity
41.001944598,11.176997556,26,neighborhood,inactivity
41.81367513,8.6008001525,29,neighborhood,inactivity
20.922233159,4.9576993699,3,neighborhood,inactivity
8.9636015998,2.4273447399,32,neighborhood,inactivity
9.932427331,3.6448039174,33,neighborhood,inactivity
18.564595395999998,4.9165427556,36,neighborhood,inactivity
41.787852292,6.6036014748000005,40,neighborhood,inactivity
8.3078753668,2.7489468382999998,41,neighborhood,inactivity
37.551163479,7.424018175800001,44,neighborhood,inactivity
12.089035736,3.6197151973,5,neighborhood,inactivity
44.01684781,7.7623183211,57,neighborhood,inactivity
32.68001766,7.0116577323,58,neighborhood,inactivity
25.744436126999997,6.977206174400001,59,neighborhood,inactivity
46.732618822,7.509090344600001,62,neighborhood,inactivity
32.691810029,6.3114708396,63,neighborhood,inactivity
31.55078164,6.877384695700001,65,neighborhood,inactivity
20.947245191,5.435495499400001,67,neighborhood,inactivity
32.463709914,7.201631610800001,68,neighborhood,inactivity
33.255609096,9.444605713,70,neighborhood,inactivity
21.025561459000002,8.4518735752,74,neighborhood,inactivity
38.821418093000005,8.155888559400001,75,neighborhood,inactivity
21.524134373000003,3.9067007583999995,77,neighborhood,inactivity
7.3675637482,1.8098349572999999,8,neighborhood,inactivity
20.431862177,4.136961123,1,neighborhood,inactivity
27.345503896999997,5.9676028707,10,neighborhood,inactivity
23.621620883000002,5.5214050534000005,11,neighborhood,inactivity
35.217985606,5.9415859542,15,neighborhood,inactivity
31.009343801,6.8582150678,16,neighborhood,inactivity
25.98286852,6.1596775271,19,neighborhood,inactivity
26.282500454,6.9932625814,21,neighborhood,inactivity
13.398908992,3.3856180058,22,neighborhood,inactivity
40.270836816999996,7.6765936016,23,neighborhood,inactivity
38.972925624,8.3379313042,27,neighborhood,inactivity
24.675639886,4.9824120254,28,neighborhood,inactivity
49.474873634,7.3786148823,30,neighborhood,inactivity
20.009961865,7.7678603743,31,neighborhood,inactivity
34.131728003,6.9581305637,34,neighborhood,inactivity
31.435372025,8.7559114352,35,neighborhood,inactivity
43.330609936,9.6803352167,37,neighborhood,inactivity
33.080698016999996,6.263925459099999,38,neighborhood,inactivity
28.876243843,11.302112065,39,neighborhood,inactivity
17.255295577000002,4.2991322566,4,neighborhood,inactivity
14.658308580999998,4.3701862864,42,neighborhood,inactivity
37.91980434,10.763764125,46,neighborhood,inactivity
37.464217803000004,12.26081209,48,neighborhood,inactivity
16.036392279,5.7908932233,50,neighborhood,inactivity
19.616625016,7.0510152458,51,neighborhood,inactivity
28.029884195999998,7.427088522000001,53,neighborhood,inactivity
49.289433968999994,13.070043703,54,neighborhood,inactivity
33.657208477,8.1528258246,55,neighborhood,inactivity
26.114364025,7.467397755,56,neighborhood,inactivity
15.555293145,4.6995330568,60,neighborhood,inactivity
31.337851296999997,7.2892790775,61,neighborhood,inactivity
30.228228177,6.2114081453,64,neighborhood,inactivity
47.110849314,7.7987725952,66,neighborhood,inactivity
38.034213323,7.217786233200001,69,neighborhood,inactivity
8.493429043799999,3.2379797549,7,neighborhood,inactivity
36.512900531999996,7.0816019972,71,neighborhood,inactivity
17.935074558,8.2169102036,72,neighborhood,inactivity
36.074221991,8.1205356447,76,neighborhood,inactivity
9.4214787101,4.2267376056,9,neighborhood,inactivity
