<?xml version="1.0"?>
<!--<!DOCTYPE metadata SYSTEM "http://www.esri.com/metadata/esriprof80.dtd">-->
<metadata xml:lang="en"><Esri><CreaDate>20080906</CreaDate><CreaTime>11571400</CreaTime><SyncOnce>TRUE</SyncOnce><MetaID>{8473364B-8EEF-4A40-9D34-CE8A27A91496}</MetaID></Esri><idinfo><citation><citeinfo><onlink Sync="TRUE">\\NOGOLOGO\D$\NIU\CLASSES\2008Fall_LocationAnalysis\Labs\Lab_01_LandSuitability\FinalData\population</onlink></citeinfo></citation></idinfo><distInfo><distributor><distorTran><onLineSrc><linkage Sync="TRUE">file://\\NOGOLOGO\D$\NIU\CLASSES\2008Fall_LocationAnalysis\Labs\Lab_01_LandSuitability\FinalData\population</linkage><protocol Sync="TRUE">Local Area Network</protocol></onLineSrc></distorTran></distributor></distInfo><dataqual><lineage><procstep><procdesc Sync="TRUE">Dataset copied.</procdesc><srcused Sync="TRUE">D:\NIU\CLASSES\2008Fall_LocationAnalysis\Labs\Lab_01_LandSuitability\Grids\population</srcused><date Sync="TRUE">20080906</date><time Sync="TRUE">11571400</time></procstep></lineage></dataqual></metadata>
