<PAMDataset>
  <PAMRasterBand band="1">
    <Description>firehazard</Description>
    <NoDataValue>0.00000000000000E+00</NoDataValue>
    <Histograms>
      <HistItem>
        <HistMin>-0.5</HistMin>
        <HistMax>5.5</HistMax>
        <BucketCount>6</BucketCount>
        <IncludeOutOfRange>1</IncludeOutOfRange>
        <Approximate>0</Approximate>
        <HistCounts>0|1804231|607782|5553047|0|41836</HistCounts>
      </HistItem>
    </Histograms>
    <Metadata>
      <MDI key="LAYER_TYPE">athematic</MDI>
      <MDI key="STATISTICS_COVARIANCES">0.7317592736070164</MDI>
      <MDI key="STATISTICS_MEDIAN">3.000000</MDI>
      <MDI key="STATISTICS_SKIPFACTORX">1</MDI>
      <MDI key="STATISTICS_SKIPFACTORY">1</MDI>
    </Metadata>
    <Metadata domain="IMAGE_STRUCTURE">
      <MDI key="NBITS">4</MDI>
    </Metadata>
  </PAMRasterBand>
</PAMDataset>
