<?xml version="1.0"?>
<!--<!DOCTYPE metadata SYSTEM "http://www.esri.com/metadata/esriprof80.dtd">-->
<metadata xml:lang="en"><Esri><CreaDate>20080906</CreaDate><CreaTime>11575200</CreaTime><SyncOnce>TRUE</SyncOnce><MetaID>{B494891E-10FB-44F2-B4BC-429DFE09E9AE}</MetaID></Esri><idinfo><citation><citeinfo><onlink Sync="TRUE">\\NOGOLOGO\D$\NIU\CLASSES\2008Fall_LocationAnalysis\Labs\Lab_01_LandSuitability\FinalData\destination</onlink></citeinfo></citation></idinfo><distInfo><distributor><distorTran><onLineSrc><linkage Sync="TRUE">file://\\NOGOLOGO\D$\NIU\CLASSES\2008Fall_LocationAnalysis\Labs\Lab_01_LandSuitability\FinalData\destination</linkage><protocol Sync="TRUE">Local Area Network</protocol></onLineSrc></distorTran></distributor></distInfo><dataqual><lineage><procstep><procdesc Sync="TRUE">Dataset copied.</procdesc><srcused Sync="TRUE">D:\NIU\CLASSES\2008Fall_LocationAnalysis\Labs\Lab_01_LandSuitability\destination</srcused><date Sync="TRUE">20080906</date><time Sync="TRUE">11575200</time></procstep></lineage></dataqual></metadata>
