<?xml version="1.0"?>
<!--<!DOCTYPE metadata SYSTEM "http://www.esri.com/metadata/esriprof80.dtd">-->
<metadata xml:lang="en"><Esri><CreaDate>20080906</CreaDate><CreaTime>11571200</CreaTime><SyncOnce>TRUE</SyncOnce><MetaID>{1645FB12-E6B0-4D6B-BBE8-E9C835F672C7}</MetaID></Esri><idinfo><citation><citeinfo><onlink Sync="TRUE">\\NOGOLOGO\D$\NIU\CLASSES\2008Fall_LocationAnalysis\Labs\Lab_01_LandSuitability\FinalData\manrclss</onlink></citeinfo></citation></idinfo><distInfo><distributor><distorTran><onLineSrc><linkage Sync="TRUE">file://\\NOGOLOGO\D$\NIU\CLASSES\2008Fall_LocationAnalysis\Labs\Lab_01_LandSuitability\FinalData\manrclss</linkage><protocol Sync="TRUE">Local Area Network</protocol></onLineSrc></distorTran></distributor></distInfo><dataqual><lineage><procstep><procdesc Sync="TRUE">Dataset copied.</procdesc><srcused Sync="TRUE">D:\NIU\CLASSES\2008Fall_LocationAnalysis\Labs\Lab_01_LandSuitability\Grids\manrclss</srcused><date Sync="TRUE">20080906</date><time Sync="TRUE">11571200</time></procstep></lineage></dataqual></metadata>
