X,Y,emissions,datehour
379937,3736207,10.53178,13102108
380137,3736207,11.0138,13102108
380337,3736207,11.28158,13102108
380537,3736207,11.29657,13102108
380737,3736207,11.03392,13102108
380937,3736207,11.2223,12092007
381137,3736207,12.97841,12092007
381337,3736207,14.16089,12092007
381537,3736207,14.49929,12092007
381737,3736207,14.17751,13110908
381937,3736207,15.06704,13110908
382137,3736207,15.26795,13042107
382337,3736207,16.15343,13042107
382537,3736207,16.30188,13042107
382737,3736207,15.63735,13042107
382937,3736207,14.20439,13042107
383137,3736207,12.17117,13042107
383337,3736207,10.64197,14012909
383537,3736207,11.89953,14012909
383737,3736207,12.60237,14012909
383937,3736207,12.61208,14012909
384137,3736207,12.50391,14021109
384337,3736207,11.92657,14021109
384537,3736207,12.49337,12092107
384737,3736207,13.35475,12092107
384937,3736207,13.52504,12092107
385137,3736207,13.43764,13062606
385337,3736207,12.64701,13062606
385537,3736207,12.55925,12090207
385737,3736207,12.33659,12090207
385937,3736207,11.51354,12090207
386137,3736207,11.32824,12040807
386337,3736207,10.89793,14021608
386537,3736207,12.03342,14021608
386737,3736207,12.21169,14021608
386937,3736207,13.03657,14041507
387137,3736207,13.24814,14041507
387337,3736207,12.30139,14041507
387537,3736207,12.18295,15092507
387737,3736207,12.6835,15092507
387937,3736207,12.77181,15092507
388137,3736207,12.47029,15092507
388337,3736207,11.83394,15092507
388537,3736207,10.93873,15092507
388737,3736207,12.44014,16091807
388937,3736207,14.00298,16091807
389137,3736207,14.85831,16091807
389337,3736207,14.93977,16091807
389537,3736207,14.30233,16091807
389737,3736207,13.09278,16091807
379937,3736407,10.20993,13102108
380137,3736407,10.90421,13102108
380337,3736407,11.41381,13102108
380537,3736407,11.68603,13102108
380737,3736407,11.67754,13102108
380937,3736407,11.36142,13102108
381137,3736407,12.0166,12092007
381337,3736407,13.76568,12092007
381537,3736407,14.80064,12092007
381737,3736407,14.84426,12092007
381937,3736407,14.9833,13110908
382137,3736407,15.4374,13110908
382337,3736407,16.30263,13042107
382537,3736407,16.89008,13042107
382737,3736407,16.61173,13042107
382937,3736407,15.44736,13042107
383137,3736407,13.52408,13042107
383337,3736407,11.09883,13042107
383537,3736407,12.00426,14012909
383737,3736407,12.93041,14012909
383937,3736407,13.12235,14012909
384137,3736407,12.90891,14021109
384337,3736407,12.43471,14021109
384537,3736407,12.83718,12092107
384737,3736407,13.79406,12092107
384937,3736407,13.99508,12092107
385137,3736407,13.7676,13062606
385337,3736407,12.89143,13062606
385537,3736407,12.99681,12090207
385737,3736407,12.6672,12090207
385937,3736407,11.69417,12090207
386137,3736407,11.5141,12040807
386337,3736407,11.60742,14021608
386537,3736407,12.50976,14021608
386737,3736407,12.64395,14041507
386937,3736407,13.64553,14041507
387137,3736407,13.32224,14041507
387337,3736407,12.26676,14091307
387537,3736407,12.94437,15092507
387737,3736407,13.22689,15092507
387937,3736407,13.06568,15092507
388137,3736407,12.51013,15092507
388337,3736407,11.63938,15092507
388537,3736407,12.36559,16091807
388737,3736407,14.17175,16091807
388937,3736407,15.23103,16091807
389137,3736407,15.44227,16091807
389337,3736407,14.84912,16091807
389537,3736407,13.60837,16091807
389737,3736407,11.93816,16091807
379937,3736607,9.67661,13102108
380137,3736607,10.56125,13102108
380337,3736607,11.30525,13102108
380537,3736607,11.84521,13102108
380737,3736607,12.12097,13102108
380937,3736607,12.08357,13102108
381137,3736607,11.70396,13102108
381337,3736607,12.86507,12092007
381537,3736607,14.57107,12092007
381737,3736607,15.39648,12092007
381937,3736607,15.0707,12092007
382137,3736607,15.66231,13110908
382337,3736607,16.21184,13042107
382537,3736607,17.28223,13042107
382737,3736607,17.46796,13042107
382937,3736607,16.66716,13042107
383137,3736607,14.94329,13042107
383337,3736607,12.52835,13042107
383537,3736607,12.04807,14012909
383737,3736607,13.22517,14012909
383937,3736607,13.6334,14012909
384137,3736607,13.30567,14021109
384337,3736607,12.96132,14021109
384537,3736607,13.19769,12092107
384737,3736607,14.26432,12092107
384937,3736607,14.50145,12092107
385137,3736607,14.10988,13062606
385337,3736607,13.13646,13062606
385537,3736607,13.45707,12090207
385737,3736607,13.00094,12090207
385937,3736607,11.85676,12090207
386137,3736607,11.52203,12040807
386337,3736607,12.28816,14021608
386537,3736607,12.88742,14021608
386737,3736607,13.5642,14041507
386937,3736607,14.0578,14041507
387137,3736607,13.13014,14041507
387337,3736607,13.11712,15092507
387537,3736607,13.6355,15092507
387737,3736607,13.65429,15092507
387937,3736607,13.21172,15092507
388137,3736607,12.38736,15092507
388337,3736607,12.21269,16091807
388537,3736607,14.29046,16091807
388737,3736607,15.58739,16091807
388937,3736607,15.9566,16091807
389137,3736607,15.42409,16091807
389337,3736607,14.15587,16091807
389537,3736607,12.39658,16091807
389737,3736607,10.60287,12121109
379937,3736807,10.70671,13091607
380137,3736807,9.98506,13102108
380337,3736807,10.93859,13102108
380537,3736807,11.73851,13102108
380737,3736807,12.31201,13102108
380937,3736807,12.58998,13102108
381137,3736807,12.51689,13102108
381337,3736807,12.06146,13102108
381537,3736807,13.76435,12092007
381737,3736807,15.3779,12092007
381937,3736807,15.91622,12092007
382137,3736807,15.32569,13110908
382337,3736807,16.14197,13110908
382537,3736807,17.42725,13042107
382737,3736807,18.14859,13042107
382937,3736807,17.81386,13042107
383137,3736807,16.39761,13042107
383337,3736807,14.0796,13042107
383537,3736807,12.01781,14012909
383737,3736807,13.47413,14012909
383937,3736807,14.13725,14012909
384137,3736807,13.8367,14012909
384337,3736807,13.49073,14021109
384537,3736807,13.57545,12092107
384737,3736807,14.76886,12092107
384937,3736807,15.04865,12092107
385137,3736807,14.46423,13062606
385337,3736807,13.68251,12090207
385537,3736807,13.94043,12090207
385737,3736807,13.33444,12090207
385937,3736807,12.0228,12103108
386137,3736807,11.39752,14021608
386337,3736807,12.9108,14021608
386537,3736807,13.13087,14021608
386737,3736807,14.34366,14041507
386937,3736807,14.20992,14041507
387137,3736807,13.17236,15092507
387337,3736807,13.97311,15092507
387537,3736807,14.21956,15092507
387737,3736807,13.93077,15092507
387937,3736807,13.18204,15092507
388137,3736807,12.0845,15092507
388337,3736807,14.343,16091807
388537,3736807,15.91613,16091807
388737,3736807,16.47746,16091807
388937,3736807,16.0264,16091807
389137,3736807,14.73644,16091807
389337,3736807,12.88238,16091807
389537,3736807,10.90108,12121109
389737,3736807,11.23081,12061706
379937,3737007,11.98874,13091607
380137,3737007,11.27818,13091607
380337,3737007,10.31362,13102108
380537,3737007,11.34506,13102108
380737,3737007,12.20821,13102108
380937,3737007,12.81889,13102108
381137,3737007,13.09721,13102108
381337,3737007,12.97982,13102108
381537,3737007,12.4333,13102108
381737,3737007,14.70667,12092007
381937,3737007,16.1612,12092007
382137,3737007,16.3173,12092007
382337,3737007,16.14225,13110908
382537,3737007,17.2757,13042107
382737,3737007,18.58909,13042107
382937,3737007,18.82425,13042107
383137,3737007,17.8411,13042107
383337,3737007,15.73317,13042107
383537,3737007,12.82974,13042107
383737,3737007,13.66199,14012909
383937,3737007,14.62316,14012909
384137,3737007,14.53851,14012909
384337,3737007,13.93147,14021109
384537,3737007,13.97078,12092107
384737,3737007,15.31142,12092107
384937,3737007,15.64193,12092107
385137,3737007,14.89003,12092107
385337,3737007,14.27735,12090207
385537,3737007,14.4467,12090207
385737,3737007,13.66295,12090207
385937,3737007,12.28031,12103108
386137,3737007,11.9608,14021608
386337,3737007,13.23792,14021608
386537,3737007,14.00898,14041507
386737,3737007,14.90461,14041507
386937,3737007,14.03995,14041507
387137,3737007,14.20806,15092507
387337,3737007,14.73846,15092507
387537,3737007,14.65466,15092507
387737,3737007,14.02034,15092507
387937,3737007,12.95168,15092507
388137,3737007,14.30949,16091807
388337,3737007,16.20229,16091807
388537,3737007,16.99696,16091807
388737,3737007,16.65387,16091807
388937,3737007,15.35064,16091807
389137,3737007,13.39626,16091807
389337,3737007,11.20562,12121109
389537,3737007,11.68466,12061706
389737,3737007,12.00812,12061706
379937,3737207,12.95183,13091607
380137,3737207,12.59358,13091607
380337,3737207,11.89269,13091607
380537,3737207,10.86856,13091607
380737,3737207,11.78425,13102108
380937,3737207,12.71932,13102108
381137,3737207,13.37139,13102108
381337,3737207,13.64741,13102108
381537,3737207,13.47472,13102108
381737,3737207,13.37792,12092007
381937,3737207,15.67764,12092007
382137,3737207,16.88484,12092007
382337,3737207,16.54501,12092007
382537,3737207,16.7852,13042107
382737,3737207,18.72126,13042107
382937,3737207,19.62184,13042107
383137,3737207,19.21008,13042107
383337,3737207,17.45399,13042107
383537,3737207,14.61653,13042107
383737,3737207,13.77033,14012909
383937,3737207,15.07686,14012909
384137,3737207,15.26104,14012909
384337,3737207,14.30144,14021109
384537,3737207,14.38353,12092107
384737,3737207,15.89619,12092107
384937,3737207,16.2874,12092107
385137,3737207,15.46565,12092107
385337,3737207,14.92513,12090207
385537,3737207,14.98424,12090207
385737,3737207,13.97474,12090207
385937,3737207,12.47432,12103108
386137,3737207,12.40172,14021608
386337,3737207,13.30814,14021608
386537,3737207,14.99807,14041507
386737,3737207,15.1599,14041507
386937,3737207,14.30027,15092507
387137,3737207,15.17934,15092507
387337,3737207,15.36419,15092507
387537,3737207,14.89537,15092507
387737,3737207,13.88861,15092507
387937,3737207,14.1658,16091807
388137,3737207,16.42617,16091807
388337,3737207,17.50373,16091807
388537,3737207,17.30236,16091807
388737,3737207,15.99807,16091807
388937,3737207,13.93829,16091807
389137,3737207,11.51775,16091807
389337,3737207,12.16046,12061706
389537,3737207,12.42937,12061706
389737,3737207,12.01194,12061706
379937,3737407,13.45507,13091607
380137,3737407,13.52823,13091607
380337,3737407,13.23426,13091607
380537,3737407,12.55279,13091607
380737,3737407,11.49807,13091607
380937,3737407,12.26032,13102108
381137,3737407,13.27773,13102108
381337,3737407,13.97603,13102108
381537,3737407,14.24597,13102108
381737,3737407,14.00378,13102108
381937,3737407,14.42161,12092007
382137,3737407,16.65312,12092007
382337,3737407,17.498,12092007
382537,3737407,16.53144,12092007
382737,3737407,18.47909,13042107
382937,3737407,20.11895,13042107
383137,3737407,20.42067,13042107
383337,3737407,19.18607,13042107
383537,3737407,16.55866,13042107
383737,3737407,13.77724,14012909
383937,3737407,15.47961,14012909
384137,3737407,15.99552,14012909
384337,3737407,15.1307,14012909
384537,3737407,14.81289,12092107
384737,3737407,16.52778,12092107
384937,3737407,16.99215,12092107
385137,3737407,16.08936,12092107
385337,3737407,15.60906,12090207
385537,3737407,15.52627,12090207
385737,3737407,14.2509,12090207
385937,3737407,12.58353,12103108
386137,3737407,12.6351,14021608
386337,3737407,14.08486,14041507
386537,3737407,15.6397,14041507
386737,3737407,14.9641,14041507
386937,3737407,15.49954,15092507
387137,3737407,16.03078,15092507
387337,3737407,15.7943,15092507
387537,3737407,14.89553,15092507
387737,3737407,13.88322,16091807
387937,3737407,16.56214,16091807
388137,3737407,17.98163,16091807
388337,3737407,17.96492,16091807
388537,3737407,16.67686,16091807
388737,3737407,14.50752,16091807
388937,3737407,11.91583,16091807
389137,3737407,12.65649,12061706
389337,3737407,12.85586,12061706
389537,3737407,12.29964,12061706
389737,3737407,11.16276,12061706
379937,3737607,13.39254,13091607
380137,3737607,13.92785,13091607
380337,3737607,14.12093,13091607
380537,3737607,13.90978,13091607
380737,3737607,13.26039,13091607
380937,3737607,12.17914,13091607
381137,3737607,12.77813,13102108
381337,3737607,13.8904,13102108
381537,3737607,14.6405,13102108
381737,3737607,14.899,13102108
381937,3737607,14.56876,13102108
382137,3737607,15.52284,12092007
382337,3737607,17.59492,12092007
382537,3737607,17.93121,12092007
382737,3737607,17.80748,13042107
382937,3737607,20.22181,13042107
383137,3737607,21.3681,13042107
383337,3737607,20.84678,13042107
383537,3737607,18.61841,13042107
383737,3737607,15.08351,13042107
383937,3737607,15.80705,14012909
384137,3737607,16.72857,14012909
384337,3737607,16.10136,14012909
384537,3737607,15.25694,12092107
384737,3737607,17.2112,12092107
384937,3737607,17.76445,12092107
385137,3737607,16.76685,12092107
385337,3737607,16.32378,12090207
385537,3737607,16.05859,12090207
385737,3737607,14.46972,12090207
385937,3737607,12.58228,12103108
386137,3737607,12.56985,14021608
386337,3737607,15.14387,14041507
386537,3737607,15.86412,14041507
386737,3737607,15.64268,15092507
386937,3737607,16.61291,15092507
387137,3737607,16.69525,15092507
387337,3737607,15.96839,15092507
387537,3737607,14.61262,15092507
387737,3737607,16.57731,16091807
387937,3737607,18.40818,16091807
388137,3737607,18.63059,16091807
388337,3737607,17.38293,16091807
388537,3737607,15.10156,16091807
388737,3737607,12.35023,15061907
388937,3737607,13.16946,12061706
389137,3737607,13.28085,12061706
389337,3737607,12.56115,12061706
389537,3737607,11.23216,12061706
389737,3737607,10.25453,12042007
379937,3737807,12.72154,13091607
380137,3737807,13.68642,13091607
380337,3737807,14.38519,13091607
380537,3737807,14.72276,13091607
380737,3737807,14.61715,13091607
380937,3737807,14.01623,13091607
381137,3737807,12.9147,13091607
381337,3737807,13.34325,13102108
381537,3737807,14.56561,13102108
381737,3737807,15.3739,13102108
381937,3737807,15.61327,13102108
382137,3737807,15.1704,13102108
382337,3737807,16.66054,12092007
382537,3737807,18.44507,12092007
382737,3737807,18.00969,12092007
382937,3737807,19.83987,13042107
383137,3737807,21.92921,13042107
383337,3737807,22.32184,13042107
383537,3737807,20.72772,13042107
383737,3737807,17.37843,13042107
383937,3737807,16.02799,14012909
384137,3737807,17.44035,14012909
384337,3737807,17.13334,14012909
384537,3737807,15.71207,12092107
384737,3737807,17.95164,12092107
384937,3737807,18.61382,12092107
385137,3737807,17.50433,12092107
385337,3737807,17.05716,12090207
385537,3737807,16.56108,12090207
385737,3737807,14.60523,12090207
385937,3737807,12.4404,12103108
386137,3737807,13.45436,14041507
386337,3737807,15.87862,14041507
386537,3737807,15.53037,14041507
386737,3737807,17.06269,15092507
386937,3737807,17.57639,15092507
387137,3737807,17.09571,15092507
387337,3737807,15.82648,15092507
387537,3737807,16.43023,16091807
387737,3737807,18.7524,16091807
387937,3737807,19.28272,16091807
388137,3737807,18.10893,16091807
388337,3737807,15.71579,16091807
388537,3737807,12.9327,15061907
388737,3737807,13.69388,12061706
388937,3737807,13.6946,12061706
389137,3737807,12.78297,12061706
389337,3737807,11.23918,12061706
389537,3737807,11.23289,12042007
389737,3737807,12.43121,12042007
379937,3738007,12.3448,14010309
380137,3738007,12.77892,13091607
380337,3738007,13.92556,13091607
380537,3738007,14.81226,13091607
380737,3738007,15.32277,13091607
380937,3738007,15.35042,13091607
381137,3738007,14.81911,13091607
381337,3738007,13.70656,13091607
381537,3738007,13.96206,13102108
381737,3738007,15.31316,13102108
381937,3738007,16.18689,13102108
382137,3738007,16.39596,13102108
382337,3738007,15.80748,13102108
382537,3738007,17.61865,12092007
382737,3738007,18.70204,12092007
382937,3738007,18.90037,13042107
383137,3738007,21.97044,13042107
383337,3738007,23.46254,13042107
383537,3738007,22.77748,13042107
383737,3738007,19.86973,13042107
383937,3738007,16.10318,14012909
384137,3738007,18.10212,14012909
384337,3738007,18.22006,14012909
384537,3738007,16.30083,14012909
384737,3738007,18.75416,12092107
384937,3738007,19.55112,12092107
385137,3738007,18.30829,12092107
385337,3738007,17.78286,12090207
385537,3738007,16.99786,12090207
385737,3738007,14.61732,12090207
385937,3738007,12.69229,15081407
386137,3738007,14.59885,14041507
386337,3738007,16.09088,14041507
386537,3738007,17.24167,15092507
386737,3738007,18.37137,15092507
386937,3738007,18.28973,15092507
387137,3738007,17.16329,15092507
387337,3738007,15.79642,16091807
387537,3738007,18.97227,16091807
387737,3738007,19.89668,16091807
387937,3738007,18.84279,16091807
388137,3738007,16.34242,16091807
388337,3738007,13.56758,15061907
388537,3738007,14.22108,12061706
388737,3738007,14.08336,12061706
388937,3738007,12.94748,12061706
389137,3738007,11.16607,12061706
389337,3738007,12.29909,12042007
389537,3738007,13.48641,12042007
389737,3738007,14.31954,12042007
379937,3738207,11.84873,14010309
380137,3738207,12.5293,14010309
380337,3738207,12.91829,14010309
380537,3738207,14.08838,13091607
380737,3738207,15.18885,13091607
380937,3738207,15.90479,13091607
381137,3738207,16.0992,13091607
381337,3738207,15.66463,13091607
381537,3738207,14.55446,13091607
381737,3738207,14.64177,13102108
381937,3738207,16.14456,13102108
382137,3738207,17.0918,13102108
382337,3738207,17.25417,13102108
382537,3738207,16.47517,13102108
382737,3738207,18.02879,12092007
382937,3738207,18.28504,12092007
383137,3738207,21.36368,13042107
383337,3738207,24.08876,13042107
383537,3738207,24.60666,13042107
383737,3738207,22.47591,13042107
383937,3738207,17.99324,13042107
384137,3738207,18.67294,14012909
384337,3738207,19.34741,14012909
384537,3738207,17.62691,14012909
384737,3738207,19.62303,12092107
384937,3738207,20.58849,12092107
385137,3738207,19.18507,12092107
385337,3738207,18.45364,12090207
385537,3738207,17.31231,12090207
385737,3738207,14.45069,12090207
385937,3738207,13.08804,15081407
386137,3738207,15.33508,14041507
386337,3738207,17.00924,15092507
386537,3738207,18.92727,15092507
386737,3738207,19.43113,15092507
386937,3738207,18.60345,15092507
387137,3738207,16.77149,15092507
387337,3738207,18.27265,16091807
387537,3738207,20.10371,16091807
387737,3738207,19.56553,16091807
387937,3738207,16.96902,16091807
388137,3738207,14.25925,15061907
388337,3738207,14.7379,12061706
388537,3738207,14.42795,12061706
388737,3738207,13.03192,12061706
388937,3738207,11.92319,12042007
389137,3738207,13.4502,12042007
389337,3738207,14.59319,12042007
389537,3738207,15.30956,12042007
389737,3738207,15.60016,12042007
379937,3738407,12.74662,14110908
380137,3738407,11.69029,14010309
380337,3738407,12.57293,14010309
380537,3738407,13.17772,14010309
380737,3738407,14.14778,13091607
380937,3738407,15.48792,13091607
381137,3738407,16.44543,13091607
381337,3738407,16.84668,13091607
381537,3738407,16.54344,13091607
381737,3738407,15.45463,13091607
381937,3738407,15.39019,13102108
382137,3738407,17.07315,13102108
382337,3738407,18.1025,13102108
382537,3738407,18.19375,13102108
382737,3738407,17.1237,13102108
382937,3738407,17.93085,12092007
383137,3738407,20.01226,13042107
383337,3738407,24.00214,13042107
383537,3738407,25.99007,13042107
383737,3738407,24.99358,13042107
383937,3738407,20.92542,13042107
384137,3738407,19.09558,14012909
384337,3738407,20.48919,14012909
384537,3738407,19.0901,14012909
384737,3738407,20.5526,12092107
384937,3738407,21.75318,12092107
385137,3738407,20.12249,12092107
385337,3738407,18.99063,12090207
385537,3738407,17.41973,12090207
385737,3738407,14.12886,12103108
385937,3738407,13.37457,15081407
386137,3738407,16.19234,15092507
386337,3738407,19.0832,15092507
386537,3738407,20.40956,15092507
386737,3738407,20.07949,15092507
386937,3738407,18.39145,15092507
387137,3738407,16.93278,16091807
387337,3738407,19.50369,16091807
387537,3738407,19.42783,16091807
387737,3738407,17.18988,16091807
387937,3738407,14.92109,15061907
388137,3738407,15.22487,12061706
388337,3738407,14.70201,12061706
388537,3738407,13.00736,12061706
388737,3738407,13.14198,12042007
388937,3738407,14.67581,12042007
389137,3738407,15.72939,12042007
389337,3738407,16.27699,12042007
389537,3738407,16.34422,12042007
389737,3738407,15.99263,12042007
379937,3738607,14.89188,14110908
380137,3738607,14.16233,14110908
380337,3738607,13.09355,14110908
380537,3738607,12.43636,14010309
380737,3738607,13.27795,14010309
380937,3738607,14.0704,13091607
381137,3738607,15.67388,13091607
381337,3738607,16.9116,13091607
381537,3738607,17.5667,13091607
381737,3738607,17.27733,13091607
381937,3738607,15.93516,13091607
382137,3738607,16.21532,13102108
382337,3738607,18.11391,13102108
382537,3738607,19.22563,13102108
382737,3738607,19.16696,13102108
382937,3738607,17.68619,13102108
383137,3738607,17.78965,13042107
383337,3738607,22.9222,13042107
383537,3738607,26.59314,13042107
383737,3738607,27.22922,13042107
383937,3738607,24.07459,13042107
384137,3738607,19.29168,14012909
384337,3738607,21.60023,14012909
384537,3738607,20.69447,14012909
384737,3738607,21.49431,12092107
384937,3738607,22.99035,12092107
385137,3738607,21.08833,12092107
385337,3738607,19.26922,12090207
385537,3738607,17.19934,12090207
385737,3738607,14.71428,15081407
385937,3738607,14.59443,15092507
386137,3738607,18.59272,15092507
386337,3738607,21.02609,15092507
386537,3738607,21.48004,15092507
386737,3738607,20.13028,15092507
386937,3738607,17.53922,15092507
387137,3738607,18.22632,16091807
387337,3738607,18.77177,16091807
387537,3738607,16.78988,16091807
387737,3738607,15.51463,15061907
387937,3738607,15.32335,15061907
388137,3738607,14.69188,12061706
388337,3738607,13.11633,15061907
388537,3738607,14.45789,12042007
388737,3738607,15.95381,12042007
388937,3738607,16.85858,12042007
389137,3738607,17.17433,12042007
389337,3738607,16.96126,12042007
389537,3738607,16.31452,12042007
389737,3738607,15.34347,12042007
379937,3738807,16.05074,14110908
380137,3738807,15.9624,14110908
380337,3738807,15.49615,14110908
380537,3738807,14.62505,14110908
380737,3738807,13.35366,14110908
380937,3738807,13.16736,14010309
381137,3738807,13.81639,13091607
381337,3738807,15.70082,13091607
381537,3738807,17.15588,13091607
381737,3738807,17.84107,13091607
381937,3738807,17.55837,13091607
382137,3738807,16.12339,13091607
382337,3738807,17.07857,13102108
382537,3738807,19.23012,13102108
382737,3738807,20.41192,13102108
382937,3738807,20.12161,13102108
383137,3738807,18.09077,13102108
383337,3738807,20.7207,13042107
383537,3738807,26.05854,13042107
383737,3738807,28.75947,13042107
383937,3738807,27.17343,13042107
384137,3738807,21.36928,13042107
384337,3738807,22.60597,14012909
384537,3738807,22.4323,14012909
384737,3738807,22.40205,12092107
384937,3738807,24.26931,12092107
385137,3738807,22.0443,12092107
385337,3738807,19.16516,12091007
385537,3738807,16.49111,12090207
385737,3738807,15.3009,15081407
385937,3738807,17.13788,15092507
386137,3738807,20.95454,15092507
386337,3738807,22.57793,15092507
386537,3738807,21.87736,15092507
386737,3738807,19.39915,15092507
386937,3738807,16.18419,16091807
387137,3738807,17.43214,16091807
387337,3738807,15.8728,16091807
387537,3738807,15.94052,15061907
387737,3738807,15.77613,15061907
387937,3738807,14.79013,15061907
388137,3738807,13.28222,15061907
388337,3738807,15.59145,12042007
388537,3738807,17.24419,12042007
388737,3738807,17.92434,12042007
388937,3738807,17.93488,12042007
389137,3738807,17.38199,12042007
389337,3738807,16.40085,12042007
389537,3738807,15.13005,12042007
389737,3738807,13.69491,12042007
379937,3739007,15.86453,14110908
380137,3739007,16.45841,14110908
380337,3739007,16.73597,14110908
380537,3739007,16.62095,14110908
380737,3739007,16.05193,14110908
380937,3739007,14.99685,14110908
381137,3739007,13.46858,14110908
381337,3739007,13.28313,13091607
381537,3739007,15.20332,13091607
381737,3739007,16.76818,13091607
381937,3739007,17.60536,13091607
382137,3739007,17.35156,13091607
382337,3739007,15.77877,13091607
382537,3739007,17.95561,13102108
382737,3739007,20.39793,13102108
382937,3739007,21.6111,13102108
383137,3739007,20.95634,13102108
383337,3739007,18.16824,13102108
383537,3739007,24.08533,13042107
383737,3739007,29.06296,13042107
383937,3739007,29.76527,13042107
384137,3739007,25.03585,13042107
384337,3739007,23.38744,14012909
384537,3739007,24.27253,14012909
384737,3739007,23.19153,12092107
384937,3739007,25.52908,12092107
385137,3739007,22.91379,12092107
385337,3739007,20.05897,12091007
385537,3739007,16.40044,15081407
385737,3739007,16.25202,12082807
385937,3739007,19.72612,15092507
386137,3739007,22.96421,15092507
386337,3739007,23.38151,15092507
386537,3739007,21.31743,15092507
386737,3739007,17.75207,15092507
386937,3739007,15.32575,16091807
387137,3739007,14.80359,15061907
387337,3739007,16.00899,15061907
387537,3739007,15.95281,15061907
387737,3739007,15.02934,12090907
387937,3739007,13.76607,12090907
388137,3739007,16.21965,12042007
388337,3739007,17.95338,12042007
388537,3739007,18.7401,12042007
388737,3739007,18.46851,12042007
388937,3739007,17.52028,12042007
389137,3739007,16.17801,12042007
389337,3739007,14.60776,12042007
389537,3739007,12.94689,12042007
389737,3739007,11.29898,12042007
379937,3739207,14.2883,14110908
380137,3739207,15.41753,14110908
380337,3739207,16.37199,14110908
380537,3739207,17.05695,14110908
380737,3739207,17.36984,14110908
380937,3739207,17.21141,14110908
381137,3739207,16.29907,14110908
381337,3739207,14.40506,14110908
381537,3739207,12.07429,13091607
381737,3739207,14.10449,13091607
381937,3739207,15.78038,13091607
382137,3739207,16.67767,13091607
382337,3739207,16.36695,13091607
382537,3739207,15.39466,13102108
382737,3739207,18.80401,13102108
382937,3739207,21.53873,13102108
383137,3739207,22.6935,13102108
383337,3739207,21.46076,13102108
383537,3739207,20.55675,13042107
383737,3739207,27.58529,13042107
383937,3739207,31.16236,13042107
384137,3739207,28.50871,13042107
384337,3739207,23.76133,14012909
384537,3739207,26.13973,14012909
384737,3739207,23.70778,12092107
384937,3739207,26.6361,12092107
385137,3739207,23.91715,12091007
385337,3739207,20.86821,12091007
385537,3739207,17.44281,15081407
385737,3739207,18.18771,12082807
385937,3739207,21.99253,15092507
386137,3739207,24.14766,15092507
386337,3739207,23.01309,15092507
386537,3739207,19.56415,15092507
386737,3739207,15.69049,14091007
386937,3739207,15.66401,12090907
387137,3739207,16.87925,12090907
387337,3739207,16.86812,12090907
387537,3739207,15.88959,12090907
387737,3739207,14.28768,12090907
387937,3739207,16.27231,12042007
388137,3739207,18.00442,12042007
388337,3739207,18.63591,12042007
388537,3739207,18.31549,12042007
388737,3739207,17.27521,12042007
388937,3739207,15.56897,12042007
389137,3739207,13.72669,12042007
389337,3739207,12.1618,12090407
389537,3739207,11.59398,12090407
389737,3739207,10.98422,12090407
379937,3739407,11.64739,14110908
380137,3739407,13.02556,14110908
380337,3739407,14.39176,14110908
380537,3739407,15.66989,14110908
380737,3739407,16.76082,14110908
380937,3739407,17.54446,14110908
381137,3739407,17.38514,14110908
381337,3739407,16.43658,14110908
381537,3739407,14.73706,14110908
381737,3739407,12.4852,12120709
381937,3739407,13.17679,12120709
382137,3739407,14.00096,13091607
382337,3739407,14.79224,13091607
382537,3739407,14.28497,13091607
382737,3739407,15.65301,13102108
382937,3739407,19.48894,13102108
383137,3739407,22.47192,13102108
383337,3739407,23.39482,13102108
383537,3739407,21.26933,13102108
383737,3739407,23.94898,13042107
383937,3739407,30.49376,13042107
384137,3739407,31.00059,13042107
384337,3739407,23.79996,13042107
384537,3739407,27.87709,14012909
384737,3739407,24.96283,14012909
384937,3739407,27.34819,12092107
385137,3739407,25.42075,12091007
385337,3739407,21.41863,12091007
385537,3739407,18.23429,15081407
385737,3739407,20.1078,12082807
385937,3739407,23.33316,15092507
386137,3739407,23.89854,15092507
386337,3739407,21.08699,15092507
386537,3739407,16.5503,15092507
386737,3739407,16.96707,12090907
386937,3739407,18.33063,12090907
387137,3739407,18.13568,12090907
387337,3739407,16.77998,12090907
387537,3739407,14.75021,12090907
387737,3739407,15.38594,12042007
387937,3739407,17.11419,12042007
388137,3739407,17.64872,12042007
388337,3739407,17.14919,12042007
388537,3739407,15.93113,12042007
388737,3739407,14.32197,12042007
388937,3739407,13.1773,12090407
389137,3739407,12.48669,12090407
389337,3739407,11.7521,12090407
389537,3739407,11.00027,12090407
389737,3739407,10.25123,12090407
379937,3739607,10.61924,16121309
380137,3739607,10.77183,16121309
380337,3739607,11.2721,14110908
380537,3739607,12.76762,14110908
380737,3739607,14.27562,14110908
380937,3739607,15.54538,14110908
381137,3739607,16.47724,16030108
381337,3739607,16.86105,16030108
381537,3739607,16.59254,16030108
381737,3739607,15.50289,16030108
381937,3739607,13.53917,16030108
382137,3739607,13.78165,12120709
382337,3739607,14.39667,12120709
382537,3739607,14.40108,12120709
382737,3739607,14.60963,14082907
382937,3739607,15.56456,13102108
383137,3739607,19.76495,13102108
383337,3739607,22.85428,13102108
383537,3739607,23.23909,13102108
383737,3739607,19.81535,13102108
383937,3739607,26.96971,13042107
384137,3739607,31.3247,13042107
384337,3739607,26.76982,13042107
384537,3739607,29.18392,14012909
384737,3739607,27.61729,14012909
384937,3739607,27.25957,12092107
385137,3739607,26.7236,12091007
385337,3739607,21.48592,12091007
385537,3739607,20.9322,12082807
385737,3739607,21.76094,12082807
385937,3739607,22.93058,15092507
386137,3739607,21.63441,15092507
386337,3739607,17.46259,15092507
386537,3739607,18.4259,12090907
386737,3739607,19.98403,12090907
386937,3739607,19.5194,12090907
387137,3739607,17.65498,12090907
387337,3739607,15.08826,12090907
387537,3739607,15.84026,12090407
387737,3739607,16.20467,12090407
387937,3739607,16.14685,12090407
388137,3739607,15.76621,12090407
388337,3739607,15.15442,12090407
388537,3739607,14.38919,12090407
388737,3739607,13.53267,12090407
388937,3739607,12.63249,12090407
389137,3739607,11.7237,12090407
389337,3739607,10.83114,12090407
389537,3739607,10.40681,12042107
389737,3739607,10.73189,12042107
379937,3739807,10.87402,16121309
380137,3739807,11.21469,16121309
380337,3739807,11.52345,16121309
380537,3739807,11.78742,16121309
380737,3739807,11.99097,16121309
380937,3739807,12.50457,16030108
381137,3739807,13.9751,16030108
381337,3739807,15.21584,16030108
381537,3739807,16.11624,16030108
381737,3739807,16.4211,16030108
381937,3739807,15.87916,16030108
382137,3739807,14.31939,16030108
382337,3739807,14.01424,12120709
382537,3739807,15.00481,12120709
382737,3739807,15.43559,13060107
382937,3739807,15.63549,14082907
383137,3739807,16.88214,14082907
383337,3739807,19.2175,13102108
383537,3739807,22.09553,13102108
383737,3739807,21.46636,13102108
383937,3739807,20.46646,13042107
384137,3739807,28.15149,13042107
384337,3739807,27.72816,13042107
384537,3739807,29.52065,14012909
384737,3739807,30.30985,14012909
384937,3739807,27.25036,12091007
385137,3739807,27.45444,12091007
385337,3739807,21.12233,16082307
385537,3739807,23.79746,12082807
385737,3739807,23.62741,15091007
385937,3739807,22.19925,15091007
386137,3739807,17.97178,15091007
386337,3739807,20.00175,12090907
386537,3739807,21.82982,12090907
386737,3739807,20.97005,12090907
386937,3739807,18.42074,12090907
387137,3739807,17.41823,12090407
387337,3739807,18.06654,12090407
387537,3739807,18.07949,12090407
387737,3739807,17.62073,12090407
387937,3739807,16.83977,12090407
388137,3739807,15.85914,12090407
388337,3739807,14.77245,12090407
388537,3739807,13.64749,12090407
388737,3739807,12.53107,12090407
388937,3739807,11.45389,12090407
389137,3739807,11.72194,12042107
389337,3739807,11.95789,12042107
389537,3739807,12.04955,12042107
389737,3739807,12.01901,12042107
379937,3740007,11.37406,13081807
380137,3740007,11.49695,13081807
380337,3740007,11.5553,13081807
380537,3740007,12.01637,16121309
380737,3740007,12.46951,16121309
380937,3740007,12.88566,16121309
381137,3740007,13.24495,16121309
381337,3740007,13.52221,16121309
381537,3740007,13.68605,16121309
381737,3740007,13.93202,16030108
381937,3740007,14.70785,16030108
382137,3740007,14.73014,16030108
382337,3740007,14.51178,12083107
382537,3740007,15.26219,12083107
382737,3740007,15.68109,12083107
382937,3740007,16.61933,13060107
383137,3740007,17.11058,13060107
383337,3740007,18.45999,14082907
383537,3740007,19.47786,14082907
383737,3740007,19.31694,13102108
383937,3740007,17.10193,13102108
384137,3740007,20.90192,13042107
384337,3740007,24.86392,13042107
384537,3740007,28.00428,14012909
384737,3740007,32.59551,14012909
384937,3740007,27.13447,12091007
385137,3740007,27.71852,16082307
385337,3740007,23.67644,13081707
385537,3740007,26.20866,12082807
385737,3740007,25.54879,15091007
385937,3740007,21.18017,15091007
386137,3740007,21.3149,12090907
386337,3740007,23.78573,12090907
386537,3740007,22.35071,12090907
386737,3740007,18.89359,12090907
386937,3740007,20.24515,12090407
387137,3740007,20.51289,12090407
387337,3740007,19.97952,12090407
387537,3740007,18.96155,12090407
387737,3740007,17.67025,12090407
387937,3740007,16.25563,12090407
388137,3740007,14.8186,12090407
388337,3740007,13.42289,12090407
388537,3740007,12.86244,12042107
388737,3740007,13.15106,12042107
388937,3740007,13.23642,12042107
389137,3740007,13.15588,12042107
389337,3740007,12.9442,12042107
389537,3740007,12.63218,12042107
389737,3740007,12.24613,12042107
379937,3740207,11.60602,13081807
380137,3740207,11.97684,13081807
380337,3740207,12.32021,13081807
380537,3740207,12.6233,13081807
380737,3740207,12.87017,13081807
380937,3740207,13.04125,13081807
381137,3740207,13.40474,16121309
381337,3740207,14.02463,16121309
381537,3740207,14.60237,16121309
381737,3740207,15.10528,16121309
381937,3740207,15.48921,16121309
382137,3740207,15.69597,16121309
382337,3740207,15.65135,16121309
382537,3740207,15.41545,12090707
382737,3740207,16.72271,12083107
382937,3740207,17.76478,12083107
383137,3740207,18.27515,12083107
383337,3740207,18.73058,13060107
383537,3740207,20.20069,14082907
383737,3740207,21.83499,14082907
383937,3740207,21.64982,14082907
384137,3740207,18.62557,14082907
384337,3740207,22.73611,14012810
384537,3740207,22.8658,14012909
384737,3740207,32.71486,14012909
384937,3740207,27.21239,16082307
385137,3740207,29.81753,16082307
385337,3740207,27.70091,12082807
385537,3740207,28.3922,15091007
385737,3740207,25.00204,15091007
385937,3740207,21.52087,12090907
386137,3740207,25.05643,12090907
386337,3740207,23.17207,12090907
386537,3740207,22.08967,12090407
386737,3740207,23.29098,12090407
386937,3740207,22.96156,12090407
387137,3740207,21.68003,12090407
387337,3740207,19.92221,12090407
387537,3740207,18.0305,12090407
387737,3740207,16.1527,12090407
387937,3740207,14.37764,12090407
388137,3740207,14.50593,12042107
388337,3740207,14.59582,12042107
388537,3740207,14.44816,12042107
388737,3740207,14.12321,12042107
388937,3740207,13.67179,12042107
389137,3740207,13.135,12042107
389337,3740207,12.5451,12042107
389537,3740207,11.92679,12042107
389737,3740207,11.29853,12042107
379937,3740407,11.03848,16110608
380137,3740407,11.42683,16110608
380337,3740407,11.89604,13081807
380537,3740407,12.43746,13081807
380737,3740407,12.97571,13081807
380937,3740407,13.49857,13081807
381137,3740407,13.9893,13081807
381337,3740407,14.42527,13081807
381537,3740407,14.77643,13081807
381737,3740407,15.09869,16121309
381937,3740407,15.97207,16121309
382137,3740407,16.79844,16121309
382337,3740407,17.51839,16121309
382537,3740407,18.04453,16121309
382737,3740407,18.25273,16121309
382937,3740407,18.01116,12090707
383137,3740407,19.60875,12083107
383337,3740407,21.07722,12083107
383537,3740407,21.56918,12083107
383737,3740407,21.94152,14082907
383937,3740407,24.52539,14082907
384137,3740407,24.47081,14082907
384337,3740407,19.74172,14082907
384537,3740407,23.84287,14012810
384737,3740407,28.17281,14012909
384937,3740407,28.04145,16082307
385137,3740407,30.11692,16082307
385337,3740407,30.51803,12082807
385537,3740407,28.18023,15091007
385737,3740407,21.04239,16031608
385937,3740407,24.52291,12090907
386137,3740407,22.11323,12090907
386337,3740407,25.14836,12090407
386537,3740407,25.89611,12090407
386737,3740407,24.69979,12090407
386937,3740407,22.52782,12090407
387137,3740407,20.03031,12090407
387337,3740407,17.59043,12090407
387537,3740407,15.67202,12042107
387737,3740407,15.95526,12042107
387937,3740407,15.81086,12042107
388137,3740407,15.33823,12042107
388337,3740407,14.70029,12042107
388537,3740407,13.96435,12042107
388737,3740407,13.17935,12042107
388937,3740407,12.37978,12042107
389137,3740407,12.40998,16083107
389337,3740407,12.64337,16083107
389537,3740407,12.79324,16083107
389737,3740407,12.87313,16083107
379937,3740607,10.78661,15091107
380137,3740607,11.06544,15091107
380337,3740607,11.34975,15091107
380537,3740607,11.63137,15091107
380737,3740607,11.89882,15091107
380937,3740607,12.33619,13081807
381137,3740607,13.06061,13081807
381337,3740607,13.80841,13081807
381537,3740607,14.56691,13081807
381737,3740607,15.31602,13081807
381937,3740607,16.025,13081807
382137,3740607,16.64801,13081807
382337,3740607,17.11844,13081807
382537,3740607,18.36348,16121309
382737,3740607,19.56195,16121309
382937,3740607,20.57762,16121309
383137,3740607,21.20377,16121309
383337,3740607,21.12027,16121309
383537,3740607,23.24052,12083107
383737,3740607,25.21974,12083107
383937,3740607,25.02071,12083107
384137,3740607,27.06691,14082907
384337,3740607,26.95582,14082907
384537,3740607,20.58809,13111209
384737,3740607,19.87266,14072407
384937,3740607,24.71038,16031008
385137,3740607,28.70838,13081707
385337,3740607,27.88168,12082807
385537,3740607,22.91182,13062907
385737,3740607,22.50481,12101408
385937,3740607,21.70122,12090407
386137,3740607,26.13386,12090407
386337,3740607,26.44336,12090407
386537,3740607,24.42649,12090407
386737,3740607,21.50524,12090407
386937,3740607,18.48312,12090407
387137,3740607,16.27501,12042107
387337,3740607,16.40141,12042107
387537,3740607,16.00795,12042107
387737,3740607,15.30005,12042107
387937,3740607,14.43073,12042107
388137,3740607,13.4471,12042107
388337,3740607,14.17579,16083107
388537,3740607,14.92811,16083107
388737,3740607,15.41903,16083107
388937,3740607,15.70274,16083107
389137,3740607,15.75615,16083107
389337,3740607,15.60872,16083107
389537,3740607,15.40944,16083107
389737,3740607,15.17188,16083107
379937,3740807,11.79469,14052606
380137,3740807,11.82988,14052606
380337,3740807,11.97585,15091107
380537,3740807,12.37768,15091107
380737,3740807,12.78374,15091107
380937,3740807,13.18901,15091107
381137,3740807,13.58054,15091107
381337,3740807,13.93717,15091107
381537,3740807,14.2268,15091107
381737,3740807,14.40248,15091107
381937,3740807,14.81707,15082807
382137,3740807,15.39858,15082807
382337,3740807,16.0847,13081807
382537,3740807,17.1113,13081807
382737,3740807,18.05978,13081807
382937,3740807,19.1156,16121309
383137,3740807,20.85595,16121309
383337,3740807,22.46783,16121309
383537,3740807,23.61788,16121309
383737,3740807,23.69247,16121309
383937,3740807,26.65913,12083107
384137,3740807,27.64434,12083107
384337,3740807,27.29946,14082907
384537,3740807,25.80783,14082907
384737,3740807,20.46767,12010310
384937,3740807,17.26165,12071007
385137,3740807,21.31482,13081707
385337,3740807,26.26788,13062907
385537,3740807,25.48071,12101408
385737,3740807,22.00111,12101408
385937,3740807,21.30554,12090407
386137,3740807,22.05371,12090407
386337,3740807,20.16367,12090407
386537,3740807,17.3992,12090407
386737,3740807,14.63153,12090407
386937,3740807,14.38417,12042107
387137,3740807,14.00523,12042107
387337,3740807,13.27302,12042107
387537,3740807,12.54687,16083107
387737,3740807,14.46721,16083107
387937,3740807,15.97558,16083107
388137,3740807,17.00281,16083107
388337,3740807,17.60535,16083107
388537,3740807,17.87529,16083107
388737,3740807,17.89736,16083107
388937,3740807,17.74313,16083107
389137,3740807,17.4158,16083107
389337,3740807,16.93802,16083107
389537,3740807,16.455,16083107
389737,3740807,15.97419,16083107
379937,3741007,13.68125,14052606
380137,3741007,13.89492,14052606
380337,3741007,14.09137,14052606
380537,3741007,14.2645,14052606
380737,3741007,13.9821,14052606
380937,3741007,13.57633,14052606
381137,3741007,13.80239,15091107
381337,3741007,14.26634,15091107
381537,3741007,14.6849,15091107
381737,3741007,15.01287,15091107
381937,3741007,15.47648,15092807
382137,3741007,16.08363,15092807
382337,3741007,16.6976,15092807
382537,3741007,17.29629,15092807
382737,3741007,17.8424,15092807
382937,3741007,18.27466,15092807
383137,3741007,18.49435,15092807
383337,3741007,19.28785,12011109
383537,3741007,20.66507,12011109
383737,3741007,21.5574,12011109
383937,3741007,21.63615,16012209
384137,3741007,22.72913,16012209
384337,3741007,21.73013,14012409
384537,3741007,20.99767,12091408
384737,3741007,16.79964,15092411
384937,3741007,16.25103,12071010
385137,3741007,17.8707,13091610
385337,3741007,22.55494,13062907
385537,3741007,20.88143,12072007
385737,3741007,19.94552,12072007
385937,3741007,17.81786,12072007
386137,3741007,15.68858,12072007
386337,3741007,13.83425,12072007
386537,3741007,12.27677,12072007
386737,3741007,11.85327,13070307
386937,3741007,11.66503,13070307
387137,3741007,11.38466,13070307
387337,3741007,12.21205,16083107
387537,3741007,14.17227,16083107
387737,3741007,15.71567,16083107
387937,3741007,16.8296,16083107
388137,3741007,17.47877,16083107
388337,3741007,17.73975,16083107
388537,3741007,17.71813,16083107
388737,3741007,17.5018,16083107
388937,3741007,17.16033,16083107
389137,3741007,16.70796,16083107
389337,3741007,16.11349,16083107
389537,3741007,15.54157,16083107
389737,3741007,14.99413,16083107
379937,3741207,13.82937,14052606
380137,3741207,14.09118,14052606
380337,3741207,14.34335,14052606
380537,3741207,14.57788,14052606
380737,3741207,14.36272,14052606
380937,3741207,14.03076,14052606
381137,3741207,13.59522,15092807
381337,3741207,14.1684,15092807
381537,3741207,14.78816,15092807
381737,3741207,15.45824,15092807
381937,3741207,16.18171,15092807
382137,3741207,16.96016,15092807
382337,3741207,17.79228,15092807
382537,3741207,18.67141,15092807
382737,3741207,19.58139,15092807
382937,3741207,20.4896,15092807
383137,3741207,21.3352,15092807
383337,3741207,22.00927,15092807
383537,3741207,22.16038,15092807
383737,3741207,20.94656,15092807
383937,3741207,19.08828,12011109
384137,3741207,21.63626,14021509
384337,3741207,24.98671,14021509
384537,3741207,25.10456,14021509
384737,3741207,16.06848,15071908
384937,3741207,1.38081,14090812
385137,3741207,16.48363,14090812
385337,3741207,18.95722,16091808
385537,3741207,20.14122,16091808
385737,3741207,18.46761,16091808
385937,3741207,17.16638,13032010
386137,3741207,16.15962,13032010
386337,3741207,15.01711,13032010
386537,3741207,13.91908,13032010
386737,3741207,12.92188,13032010
386937,3741207,13.18587,14122209
387137,3741207,12.97521,14122209
387337,3741207,12.50078,14122209
387537,3741207,11.90957,14122209
387737,3741207,12.61671,16083107
387937,3741207,13.56018,16083107
388137,3741207,14.14399,16083107
388337,3741207,14.41776,16083107
388537,3741207,14.46465,16083107
388737,3741207,14.35561,16083107
388937,3741207,14.14905,16083107
389137,3741207,13.87363,16083107
389337,3741207,13.40603,16083107
389537,3741207,12.95559,16083107
389737,3741207,12.52376,16083107
379937,3741407,12.43469,14040807
380137,3741407,12.55539,13110808
380337,3741407,12.76187,13110808
380537,3741407,12.85168,13110808
380737,3741407,12.78764,13110808
380937,3741407,12.49804,13110808
381137,3741407,12.32218,15092807
381337,3741407,12.75969,15092807
381537,3741407,13.22014,15092807
381737,3741407,13.70164,15092807
381937,3741407,14.20005,15092807
382137,3741407,14.70755,15092807
382337,3741407,15.21056,15092807
382537,3741407,15.68646,15092807
382737,3741407,16.09844,15092807
382937,3741407,16.7617,16121509
383137,3741407,17.40734,16121509
383337,3741407,17.73523,16121509
383537,3741407,17.85417,12100208
383737,3741407,19.4091,12100208
383937,3741407,20.28381,12100208
384137,3741407,21.92458,14021509
384337,3741407,24.13626,14021509
384537,3741407,21.70453,14021509
384737,3741407,18.10928,15050210
384937,3741407,16.45989,16081510
385137,3741407,18.57972,14060912
385337,3741407,17.54617,14081009
385537,3741407,16.81673,16091808
385737,3741407,16.87296,16091808
385937,3741407,15.73712,16091808
386137,3741407,15.10225,13032010
386337,3741407,14.4449,13032010
386537,3741407,14.311,14122209
386737,3741407,15.42322,14122209
386937,3741407,15.6005,14122209
387137,3741407,15.23158,14122209
387337,3741407,14.5839,14122209
387537,3741407,13.82265,14122209
387737,3741407,13.0413,14122209
387937,3741407,12.28808,14122209
388137,3741407,11.58452,14122209
388337,3741407,11.84237,15091907
388537,3741407,12.42882,15091907
388737,3741407,12.78254,15091907
388937,3741407,12.91863,15091907
389137,3741407,12.89646,15091907
389337,3741407,12.77436,15091907
389537,3741407,12.3932,15091907
389737,3741407,11.95254,15091907
379937,3741607,12.2625,14040807
380137,3741607,12.17493,14040807
380337,3741607,11.92254,13110808
380537,3741607,12.07706,14041008
380737,3741607,12.6141,14041008
380937,3741607,13.28705,12110708
381137,3741607,14.10596,12110708
381337,3741607,14.97313,12110708
381537,3741607,15.72048,12110708
381737,3741607,16.46515,12110708
381937,3741607,17.13805,12110708
382137,3741607,17.66348,12110708
382337,3741607,17.93665,12110708
382537,3741607,17.8218,12110708
382737,3741607,17.14961,12110708
382937,3741607,16.94612,12052107
383137,3741607,18.21981,12052107
383337,3741607,19.0901,12052107
383537,3741607,19.9382,12090807
383737,3741607,23.09259,12090807
383937,3741607,24.88982,12090807
384137,3741607,22.85411,12090807
384337,3741607,19.43079,13051207
384537,3741607,17.72725,13051207
384737,3741607,16.93873,13031411
384937,3741607,23.56016,13063007
385137,3741607,17.72923,15062210
385337,3741607,16.94388,15061908
385537,3741607,14.21273,15061908
385737,3741607,13.09819,14060907
385937,3741607,16.88708,14060907
386137,3741607,17.65317,14060907
386337,3741607,16.82271,14060907
386537,3741607,15.3233,14060907
386737,3741607,15.30141,14122209
386937,3741607,15.77492,14122209
387137,3741607,15.63122,14122209
387337,3741607,15.14067,14122209
387537,3741607,14.48165,14122209
387737,3741607,13.76155,14122209
387937,3741607,13.04016,14122209
388137,3741607,12.41963,15091907
388337,3741607,13.48785,15091907
388537,3741607,14.28265,15091907
388737,3741607,14.78268,15091907
388937,3741607,15.01177,15091907
389137,3741607,15.03597,15091907
389337,3741607,14.91768,15091907
389537,3741607,14.47967,15091907
389737,3741607,14.01145,15091907
379937,3741807,12.18965,12110708
380137,3741807,12.80886,12110708
380337,3741807,13.4573,12110708
380537,3741807,14.1318,12110708
380737,3741807,14.82684,12110708
380937,3741807,15.53354,12110708
381137,3741807,16.23841,12110708
381337,3741807,16.92155,12110708
381537,3741807,17.44688,12110708
381737,3741807,17.80715,12110708
381937,3741807,17.9326,12110708
382137,3741807,17.72418,12110708
382337,3741807,17.06392,12110708
382537,3741807,17.3958,13062807
382737,3741807,19.09309,13062807
382937,3741807,20.6077,13062807
383137,3741807,21.59686,13062807
383337,3741807,21.86524,12090807
383537,3741807,23.75743,12090807
383737,3741807,24.17734,12090807
383937,3741807,21.53172,12090807
384137,3741807,19.5616,12081907
384337,3741807,18.59096,15081307
384537,3741807,15.69807,13071207
384737,3741807,17.36129,13063007
384937,3741807,26.7561,13063007
385137,3741807,19.14529,12050907
385337,3741807,13.32644,12030616
385537,3741807,14.30779,15061908
385737,3741807,17.87358,12083007
385937,3741807,19.0727,12083007
386137,3741807,16.01103,12083007
386337,3741807,16.83277,14060907
386537,3741807,17.20488,14060907
386737,3741807,16.60877,14060907
386937,3741807,15.50654,14060907
387137,3741807,14.19407,14060907
387337,3741807,14.08386,14122209
387537,3741807,13.77004,14122209
387737,3741807,13.32037,14122209
387937,3741807,12.80697,14122209
388137,3741807,12.27256,14122209
388337,3741807,12.50011,15091907
388537,3741807,13.61288,15091907
388737,3741807,14.4171,15091907
388937,3741807,14.92867,15091907
389137,3741807,15.20163,15091907
389337,3741807,15.28539,15091907
389537,3741807,14.99744,15091907
389737,3741807,14.67417,15091907
379937,3742007,13.40758,12110708
380137,3742007,13.90027,12110708
380337,3742007,14.38104,12110708
380537,3742007,14.83769,12110708
380737,3742007,15.25408,12110708
380937,3742007,15.60918,12110708
381137,3742007,15.87601,12110708
381337,3742007,16.02055,12110708
381537,3742007,15.89927,12110708
381737,3742007,15.47245,12110708
381937,3742007,15.62024,13062807
382137,3742007,16.97052,13062807
382337,3742007,18.29329,13062807
382537,3742007,19.46826,13062807
382737,3742007,20.30024,13062807
382937,3742007,20.49996,13062807
383137,3742007,20.7833,12090807
383337,3742007,21.28773,12090807
383537,3742007,20.35831,12090807
383737,3742007,18.13718,12081907
383937,3742007,17.54131,12081907
384137,3742007,18.06222,15081307
384337,3742007,16.0143,15081307
384537,3742007,19.78027,13071207
384737,3742007,19.24223,13063007
384937,3742007,29.6176,12050907
385137,3742007,30.47563,12050907
385337,3742007,16.84191,12071307
385537,3742007,11.90055,15061908
385737,3742007,13.98791,12083007
385937,3742007,20.29078,12083007
386137,3742007,21.29278,12083007
386337,3742007,18.78592,12083007
386537,3742007,15.10183,12083007
386737,3742007,15.33945,14060907
386937,3742007,15.65752,14060907
387137,3742007,15.34742,14060907
387337,3742007,14.64688,14060907
387537,3742007,13.73138,14060907
387737,3742007,12.72029,14060907
387937,3742007,12.13152,14081007
388137,3742007,12.82201,14081007
388337,3742007,13.12101,14081007
388537,3742007,13.11203,14081007
388737,3742007,12.87947,14081007
388937,3742007,12.77101,15091907
389137,3742007,13.38978,15091907
389337,3742007,13.78359,15091907
389537,3742007,13.81137,15091907
389737,3742007,13.76586,15091907
379937,3742207,13.27341,12110708
380137,3742207,13.49031,12110708
380337,3742207,13.64672,12110708
380537,3742207,13.72528,12110708
380737,3742207,13.70557,12110708
380937,3742207,13.56414,12110708
381137,3742207,13.27491,12110708
381337,3742207,13.89448,13062807
381537,3742207,14.89931,13062807
381737,3742207,15.89142,13062807
381937,3742207,16.822,13062807
382137,3742207,17.6198,13062807
382337,3742207,18.15832,13062807
382537,3742207,18.26646,13062807
382737,3742207,18.07056,12090807
382937,3742207,18.44923,12090807
383137,3742207,18.01133,12090807
383337,3742207,16.43711,12090807
383537,3742207,16.18182,12081907
383737,3742207,15.24328,12081907
383937,3742207,16.78523,15081307
384137,3742207,15.75791,15081307
384337,3742207,19.28834,13071207
384537,3742207,19.32156,13071207
384737,3742207,18.78487,13063007
384937,3742207,32.27745,12050907
385137,3742207,34.88065,12050907
385337,3742207,19.95811,12071307
385537,3742207,15.01432,12071307
385737,3742207,11.93953,13072807
385937,3742207,15.06528,12083007
386137,3742207,19.85094,12083007
386337,3742207,20.90833,12083007
386537,3742207,19.25037,12083007
386737,3742207,16.33521,12083007
386937,3742207,13.18566,12083007
387137,3742207,13.72241,14060907
387337,3742207,14.0474,14060907
387537,3742207,13.93934,14060907
387737,3742207,13.52788,14060907
387937,3742207,12.91949,14060907
388137,3742207,12.19541,14060907
388337,3742207,12.59771,14081007
388537,3742207,13.06027,14081007
388737,3742207,13.23586,14081007
388937,3742207,13.187,14081007
389137,3742207,12.97143,14081007
389337,3742207,12.63835,14081007
389537,3742207,12.22756,14081007
389737,3742207,11.7388,14081007
379937,3742407,11.86708,12110708
380137,3742407,11.75275,12110708
380337,3742407,11.54807,12110708
380537,3742407,11.72908,13062807
380737,3742407,12.4892,13062807
380937,3742407,13.25351,13062807
381137,3742407,14.00154,13062807
381337,3742407,14.70458,13062807
381537,3742407,15.32349,13062807
381737,3742407,15.80639,13062807
381937,3742407,16.08677,13062807
382137,3742407,16.08297,13062807
382337,3742407,15.85662,12090807
382537,3742407,16.10949,12090807
382737,3742407,16.21443,13090507
382937,3742407,15.79872,13090507
383137,3742407,14.31209,15020309
383337,3742407,14.27304,12081907
383537,3742407,14.70469,13062707
383737,3742407,15.42814,15081307
383937,3742407,15.72727,16032008
384137,3742407,17.21447,13071207
384337,3742407,19.61673,13071207
384537,3742407,17.10376,13071207
384737,3742407,19.31877,15082907
384937,3742407,31.34702,12050907
385137,3742407,34.57707,12050907
385337,3742407,22.31209,12050907
385537,3742407,18.3083,12071307
385737,3742407,13.49726,13072807
385937,3742407,11.67967,13072807
386137,3742407,14.69104,12083007
386337,3742407,18.40468,12083007
386537,3742407,19.48009,12083007
386737,3742407,18.51826,12083007
386937,3742407,16.42267,12083007
387137,3742407,13.89616,12083007
387337,3742407,11.56817,14060907
387537,3742407,12.28606,14060907
387737,3742407,12.61771,14060907
387937,3742407,12.63705,14060907
388137,3742407,12.41855,14060907
388337,3742407,12.02868,14060907
388537,3742407,11.52264,14060907
388737,3742407,11.94608,14081007
388937,3742407,12.33641,14081007
389137,3742407,12.51797,14081007
389337,3742407,12.53039,14081007
389537,3742407,12.40802,14081007
389737,3742407,12.15322,14081007
379937,3742607,10.74061,13062807
380137,3742607,11.3437,13062807
380337,3742607,11.94368,13062807
380537,3742607,12.52654,13062807
380737,3742607,13.07382,13062807
380937,3742607,13.56166,13062807
381137,3742607,13.95988,13062807
381337,3742607,14.23132,13062807
381537,3742607,14.33163,13062807
381737,3742607,14.21009,13062807
381937,3742607,14.08169,12090807
382137,3742607,14.46461,13090507
382337,3742607,14.95097,13090507
382537,3742607,14.87798,13090507
382737,3742607,14.9227,15020309
382937,3742607,13.91072,15020309
383137,3742607,13.80304,13062707
383337,3742607,14.54706,13062707
383537,3742607,14.1859,15081307
383737,3742607,15.26897,16032008
383937,3742607,14.97089,13071207
384137,3742607,18.09086,13071207
384337,3742607,18.27014,13071207
384537,3742607,17.92665,14042107
384737,3742607,21.92953,14042107
384937,3742607,29.37335,12050907
385137,3742607,32.80594,12050907
385337,3742607,24.13552,12050907
385537,3742607,19.3104,12071307
385737,3742607,14.78917,12071307
385937,3742607,13.53968,13072807
386137,3742607,11.93175,15091207
386337,3742607,14.44369,15091207
386537,3742607,16.69368,12083007
386737,3742607,17.80999,12083007
386937,3742607,17.41177,12083007
387137,3742607,15.99539,12083007
387337,3742607,14.05303,12083007
387537,3742607,11.95753,12083007
387737,3742607,10.46365,14060907
387937,3742607,11.06786,14060907
388137,3742607,11.39757,14060907
388337,3742607,11.49417,14060907
388537,3742607,11.40233,14060907
388737,3742607,11.16463,14060907
388937,3742607,10.8189,14060907
389137,3742607,10.86748,14081007
389337,3742607,11.25331,14081007
389537,3742607,11.47035,14081007
389737,3742607,11.52863,14081007
379937,3742807,11.34855,13062807
380137,3742807,11.78705,13062807
380337,3742807,12.18083,13062807
380537,3742807,12.51079,13062807
380737,3742807,12.75412,13062807
380937,3742807,12.88424,13062807
381137,3742807,12.87121,13062807
381337,3742807,12.68277,13062807
381537,3742807,12.64819,12090807
381737,3742807,13.27938,13090507
381937,3742807,13.72281,13090507
382137,3742807,13.92135,15020309
382337,3742807,14.46755,15020309
382537,3742807,14.22226,15020309
382737,3742807,12.98201,15020309
382937,3742807,13.56466,13062707
383137,3742807,14.03774,13062707
383337,3742807,13.24522,16032008
383537,3742807,14.59299,16032008
383737,3742807,14.37975,16032008
383937,3742807,16.11424,13071207
384137,3742807,17.5935,13071207
384337,3742807,16.25125,13071207
384537,3742807,21.5315,14042107
384737,3742807,22.70672,14042107
384937,3742807,27.24824,12050907
385137,3742807,30.62346,12050907
385337,3742807,24.58262,12050907
385537,3742807,18.85802,12071307
385737,3742807,16.54387,12071307
385937,3742807,13.44517,13072807
386137,3742807,12.90278,13072807
386337,3742807,13.42555,15091207
386537,3742807,15.20278,15091207
386737,3742807,16.06708,13102009
386937,3742807,16.30056,13102009
387137,3742807,16.22281,12083007
387337,3742807,15.31726,12083007
387537,3742807,13.86862,12083007
387737,3742807,12.16804,12083007
387937,3742807,10.42722,12083007
388137,3742807,9.51869,14060907
388337,3742807,10.04248,14060907
388537,3742807,10.36348,14060907
388737,3742807,10.50576,14060907
388937,3742807,10.49696,14060907
389137,3742807,10.36504,14060907
389337,3742807,10.13618,14060907
389537,3742807,9.83376,14060907
389737,3742807,10.06176,14081007
379937,3743007,11.34844,13062807
380137,3743007,11.5629,13062807
380337,3743007,11.69741,13062807
380537,3743007,11.73293,13062807
380737,3743007,11.64901,13062807
380937,3743007,11.42472,13062807
381137,3743007,12.60583,14091607
381337,3743007,13.61494,14091607
381537,3743007,14.25402,14091607
381737,3743007,14.31038,14091607
381937,3743007,13.63527,15020309
382137,3743007,13.7832,15020309
382337,3743007,13.22521,15020309
382537,3743007,11.9619,13062707
382737,3743007,13.12547,13062707
382937,3743007,13.38675,13062707
383137,3743007,12.5767,16032008
383337,3743007,13.85356,16032008
383537,3743007,13.95382,16032008
383737,3743007,14.19383,13071207
383937,3743007,16.20164,13071207
384137,3743007,16.33578,13071207
384337,3743007,15.53836,14042107
384537,3743007,23.36225,14042107
384737,3743007,22.35197,14042107
384937,3743007,25.21199,12050907
385137,3743007,28.4186,12050907
385337,3743007,24.24461,12050907
385537,3743007,17.65186,12071307
385737,3743007,17.10432,12071307
385937,3743007,13.41781,12071307
386137,3743007,13.32758,13072807
386337,3743007,12.00163,13072807
386537,3743007,13.95965,15091207
386737,3743007,15.18748,15091207
386937,3743007,15.84936,13102009
387137,3743007,15.92452,13102009
387337,3743007,15.06649,12083007
387537,3743007,14.53588,12083007
387737,3743007,13.48528,12083007
387937,3743007,12.13565,12083007
388137,3743007,10.66599,12083007
388337,3743007,9.20435,12083007
388537,3743007,8.71261,14060907
388737,3743007,9.17531,14060907
388937,3743007,9.48364,14060907
389137,3743007,9.65188,14060907
389337,3743007,9.69761,14060907
389537,3743007,9.63951,14060907
389737,3743007,9.49594,14060907
379937,3743207,10.77195,13062807
380137,3743207,10.74402,13062807
380337,3743207,10.61627,13062807
380537,3743207,11.10509,14091607
380737,3743207,12.48124,14091607
380937,3743207,13.7711,14091607
381137,3743207,14.77477,14091607
381337,3743207,15.44755,14091607
381537,3743207,15.6098,14091607
381737,3743207,15.08823,14091607
381937,3743207,13.763,14091607
382137,3743207,12.13513,15020309
382337,3743207,11.707,13062707
382537,3743207,12.59177,13062707
382737,3743207,12.69738,13062707
382937,3743207,11.93048,16032008
383137,3743207,13.12192,16032008
383337,3743207,13.40437,16032008
383537,3743207,13.40655,13020410
383737,3743207,14.63422,13071207
383937,3743207,15.57936,13071207
384137,3743207,14.74873,13071207
384337,3743207,18.22196,14042107
384537,3743207,23.83685,14042107
384737,3743207,21.38995,14042107
384937,3743207,23.35213,12050907
385137,3743207,26.35063,12050907
385337,3743207,23.49501,12050907
385537,3743207,16.73678,12050907
385737,3743207,16.84389,12071307
385937,3743207,14.53353,12071307
386137,3743207,12.60002,13072807
386337,3743207,12.75113,13072807
386537,3743207,11.80798,15091207
386737,3743207,13.89748,15091207
386937,3743207,14.7427,15091207
387137,3743207,15.17998,13102009
387337,3743207,15.21876,13102009
387537,3743207,14.50545,13102009
387737,3743207,13.73085,12083007
387937,3743207,12.99376,12083007
388137,3743207,11.94291,12083007
388337,3743207,10.72443,12083007
388537,3743207,9.45315,12083007
388737,3743207,8.21066,12083007
388937,3743207,8.02151,14060907
389137,3743207,8.43561,14060907
389337,3743207,8.7293,14060907
389537,3743207,8.9112,14060907
389737,3743207,8.99265,14060907
379937,3743407,9.73448,13062807
380137,3743407,10.55261,14091607
380337,3743407,11.78726,14091607
380537,3743407,13.02601,14091607
380737,3743407,14.21039,14091607
380937,3743407,15.26359,14091607
381137,3743407,15.90958,14091607
381337,3743407,16.0474,14091607
381537,3743407,15.59431,14091607
381737,3743407,14.45231,14091607
381937,3743407,12.60931,14091607
382137,3743407,11.38166,13062707
382337,3743407,12.1055,16021409
382537,3743407,12.20162,16021409
382737,3743407,11.32403,16032008
382937,3743407,12.42875,16032008
383137,3743407,12.81571,16032008
383337,3743407,12.8768,13020410
383537,3743407,13.37502,13020410
383737,3743407,14.4678,13071207
383937,3743407,14.54432,13071207
384137,3743407,13.09203,13071207
384337,3743407,19.60003,14042107
384537,3743407,23.26987,14042107
384737,3743407,20.07055,14042107
384937,3743407,21.68845,12050907
385137,3743407,24.47301,12050907
385337,3743407,22.55282,12050907
385537,3743407,17.1151,12050907
385737,3743407,16.08551,12071307
385937,3743407,14.9583,12071307
386137,3743407,11.97829,12071307
386337,3743407,12.50732,13072807
386537,3743407,11.97248,13072807
386737,3743407,11.89331,15091207
386937,3743407,13.50305,15091207
387137,3743407,14.09115,15091207
387337,3743407,14.35124,13102009
387537,3743407,14.40575,13102009
387737,3743407,13.84434,13102009
387937,3743407,12.94355,12083007
388137,3743407,12.45056,12083007
388337,3743407,11.64814,12083007
388537,3743407,10.65301,12083007
388737,3743407,9.56424,12083007
388937,3743407,8.45838,12083007
389137,3743407,7.38967,12083007
389337,3743407,7.4244,14060907
389537,3743407,7.7986,14060907
389737,3743407,8.07702,14060907
379937,3743607,11.1243,14091607
380137,3743607,12.2405,14091607
380337,3743607,13.31908,14091607
380537,3743607,14.30213,14091607
380737,3743607,15.11866,14091607
380937,3743607,15.68697,14091607
381137,3743607,15.88797,14091607
381337,3743607,15.4291,14091607
381537,3743607,14.37977,14091607
381737,3743607,12.74044,14091607
381937,3743607,11.55084,16021409
382137,3743607,12.45229,16021409
382337,3743607,12.64221,16021409
382537,3743607,11.9125,16021409
382737,3743607,11.78524,16032008
382937,3743607,12.23003,16032008
383137,3743607,12.11173,13020410
383337,3743607,12.97979,13020410
383537,3743607,13.25627,13071207
383737,3743607,13.88498,13071207
383937,3743607,13.31193,13071207
384137,3743607,14.05168,14042107
384337,3743607,20.07504,14042107
384537,3743607,22.14833,14042107
384737,3743607,18.46624,14042107
384937,3743607,20.21238,12050907
385137,3743607,22.79221,12050907
385337,3743607,21.54143,12050907
385537,3743607,17.17428,12050907
385737,3743607,15.06228,12071307
385937,3743607,14.86871,12071307
386137,3743607,12.78562,12071307
386337,3743607,11.57868,13072807
386537,3743607,12.08215,13072807
386737,3743607,11.13095,13072807
386937,3743607,11.69538,15091207
387137,3743607,12.94787,15091207
387337,3743607,13.36536,15091207
387537,3743607,13.50645,13102009
387737,3743607,13.59288,13102009
387937,3743607,13.16633,13102009
388137,3743607,12.36503,13102009
388337,3743607,11.89024,12083007
388537,3743607,11.29163,12083007
388737,3743607,10.49036,12083007
388937,3743607,9.56976,12083007
389137,3743607,8.59877,12083007
389337,3743607,7.63011,12083007
389537,3743607,6.70109,12083007
389737,3743607,6.90422,14060907
379937,3743807,12.4925,14091607
380137,3743807,13.40238,14091607
380337,3743807,14.18694,14091607
380537,3743807,14.78349,14091607
380737,3743807,15.1242,14091607
380937,3743807,15.1419,14091607
381137,3743807,14.77874,14091607
381337,3743807,13.86518,14091607
381537,3743807,12.36934,14091607
381737,3743807,11.63421,16021409
381937,3743807,12.47648,16021409
382137,3743807,12.69825,16021409
382337,3743807,12.12307,16021409
382537,3743807,11.19345,16032008
382737,3743807,11.66756,16032008
382937,3743807,11.50089,16032008
383137,3743807,12.33718,13020410
383337,3743807,12.45659,13020410
383537,3743807,13.01263,13071207
383737,3743807,13.04634,13071207
383937,3743807,12.02357,13071207
384137,3743807,15.26095,14042107
384337,3743807,20.02823,14042107
384537,3743807,20.87137,14042107
384737,3743807,16.97254,14042107
384937,3743807,18.90499,12050907
385137,3743807,21.29531,12050907
385337,3743807,20.52814,12050907
385537,3743807,17.0211,12050907
385737,3743807,13.9274,12071307
385937,3743807,14.42752,12071307
386137,3743807,13.15528,12071307
386337,3743807,10.71209,12071307
386537,3743807,11.5482,13072807
386737,3743807,11.4853,13072807
386937,3743807,10.29817,13072807
387137,3743807,11.34616,15091207
387337,3743807,12.33449,15091207
387537,3743807,12.63743,15091207
387737,3743807,12.70745,13102009
387937,3743807,12.82558,13102009
388137,3743807,12.51017,13102009
388337,3743807,11.86461,13102009
388537,3743807,11.33356,12083007
388737,3743807,10.90089,12083007
388937,3743807,10.26536,12083007
389137,3743807,9.4959,12083007
389337,3743807,8.6529,12083007
389537,3743807,7.78551,12083007
389737,3743807,6.93103,12083007
379937,3744007,13.31721,14091607
380137,3744007,13.91524,14091607
380337,3744007,14.31503,14091607
380537,3744007,14.46222,14091607
380737,3744007,14.30693,14091607
380937,3744007,13.81095,14091607
381137,3744007,12.95647,14091607
381337,3744007,11.75497,14091607
381537,3744007,11.54178,16021409
381737,3744007,12.29933,16021409
381937,3744007,12.51586,16021409
382137,3744007,12.04549,16021409
382337,3744007,10.83864,16021409
382537,3744007,11.1371,16032008
382737,3744007,11.09152,16032008
382937,3744007,11.59962,13020410
383137,3744007,12.02991,13020410
383337,3744007,12.06721,13071207
383537,3744007,13.48647,13102008
383737,3744007,13.96557,13102008
383937,3744007,13.04937,13081507
384137,3744007,16.01342,14042107
384337,3744007,19.62697,14042107
384537,3744007,19.55203,14042107
384737,3744007,15.6071,14042107
384937,3744007,17.745,12050907
385137,3744007,19.96273,12050907
385337,3744007,19.54806,12050907
385537,3744007,16.73067,12050907
385737,3744007,12.77524,12071307
385937,3744007,13.76496,12071307
386137,3744007,13.74399,16030208
386337,3744007,11.76939,16030208
386537,3744007,10.59207,13072807
386737,3744007,11.2647,13072807
386937,3744007,10.81444,13072807
387137,3744007,9.58264,15091207
387337,3744007,10.92847,15091207
387537,3744007,11.7182,15091207
387737,3744007,11.93809,15091207
387937,3744007,11.97519,13102009
388137,3744007,12.11713,13102009
388337,3744007,11.88522,13102009
388537,3744007,11.37651,13102009
388737,3744007,10.79267,12083007
388937,3744007,10.49447,12083007
389137,3744007,9.99931,12083007
389337,3744007,9.36347,12083007
389537,3744007,8.63887,12083007
389737,3744007,7.87001,12083007
379937,3744207,13.52978,14091607
380137,3744207,13.75854,14091607
380337,3744207,13.7454,14091607
380537,3744207,13.45494,14091607
380737,3744207,12.86429,14091607
380937,3744207,11.96947,14091607
381137,3744207,10.7914,14091607
381337,3744207,11.34251,16021409
381537,3744207,12.00661,16021409
381737,3744207,12.19801,16021409
381937,3744207,11.79717,16021409
382137,3744207,10.75914,16021409
382337,3744207,10.64155,16032008
382537,3744207,10.68244,16032008
382737,3744207,10.85023,13020410
382937,3744207,11.54498,14091907
383137,3744207,11.34327,13020410
383337,3744207,13.29793,13102008
383537,3744207,14.95863,13102008
383737,3744207,14.62679,13102008
383937,3744207,14.09351,13081507
384137,3744207,16.39021,14042107
384337,3744207,18.99912,14042107
384537,3744207,18.25627,14042107
384737,3744207,14.37154,14042107
384937,3744207,16.71221,12050907
385137,3744207,18.77394,12050907
385337,3744207,18.61817,12050907
385537,3744207,16.35465,12050907
385737,3744207,13.33926,13082507
385937,3744207,12.97738,12071307
386137,3744207,14.14311,16030208
386337,3744207,13.38489,16030208
386537,3744207,10.27637,16030208
386737,3744207,10.61841,13072807
386937,3744207,10.83201,13072807
387137,3744207,10.12655,13072807
387337,3744207,9.37809,15091207
387537,3744207,10.49028,15091207
387737,3744207,11.12283,15091207
387937,3744207,11.28962,15091207
388137,3744207,11.30915,13102009
388337,3744207,11.47269,13102009
388537,3744207,11.32417,13102009
388737,3744207,10.91914,13102009
388937,3744207,10.3195,13102009
389137,3744207,10.08476,12083007
389337,3744207,9.70775,12083007
389537,3744207,9.18874,12083007
389737,3744207,8.57177,12083007
379937,3744407,13.14893,14091607
380137,3744407,13.00583,14091607
380337,3744407,12.61257,14091607
380537,3744407,11.95783,14091607
380737,3744407,11.04723,14091607
380937,3744407,10.15952,16021409
381137,3744407,11.0476,16021409
381337,3744407,11.64261,16021409
381537,3744407,11.81209,16021409
381737,3744407,11.4587,16021409
381937,3744407,10.55348,16021409
382137,3744407,10.18078,16032008
382337,3744407,10.28372,16032008
382537,3744407,10.1902,14091907
382737,3744407,11.38265,14091907
382937,3744407,11.22537,14091907
383137,3744407,12.35826,13102008
383337,3744407,14.74074,13102008
383537,3744407,15.65335,13102008
383737,3744407,14.57297,13102008
383937,3744407,14.65782,13081507
384137,3744407,16.47362,14042107
384337,3744407,18.23728,14042107
384537,3744407,17.02029,14042107
384737,3744407,13.25941,14042107
384937,3744407,15.78866,12050907
385137,3744407,17.7098,12050907
385337,3744407,17.74529,12050907
385537,3744407,15.9282,12050907
385737,3744407,13.96758,13082507
385937,3744407,12.18657,13082507
386137,3744407,13.88263,16030208
386337,3744407,14.28699,16030208
386537,3744407,12.08298,16030208
386737,3744407,9.70176,13072807
386937,3744407,10.446,13072807
387137,3744407,10.31962,13072807
387337,3744407,9.45363,13072807
387537,3744407,9.13315,15091207
387737,3744407,10.04227,15091207
387937,3744407,10.56689,15091207
388137,3744407,10.70703,15091207
388337,3744407,10.7174,13102009
388537,3744407,10.8991,13102009
388737,3744407,10.80854,13102009
388937,3744407,10.48771,13102009
389137,3744407,9.98608,13102009
389337,3744407,9.67992,12083007
389537,3744407,9.40193,12083007
389737,3744407,8.98432,12083007
379937,3744607,12.26612,14091607
380137,3744607,11.79699,14091607
380337,3744607,11.10223,14091607
380537,3744607,10.19375,14091607
380737,3744607,9.95392,16021409
380937,3744607,10.72955,16021409
381137,3744607,11.23201,16021409
381337,3744607,11.36963,16021409
381537,3744607,11.07371,16021409
381737,3744607,10.28352,16021409
381937,3744607,9.75318,16032008
382137,3744607,9.90068,16032008
382337,3744607,9.66325,16032008
382537,3744607,10.91796,14091907
382737,3744607,11.30261,14091907
382937,3744607,11.09455,13102008
383137,3744607,13.7863,13102008
383337,3744607,15.53962,13102008
383537,3744607,15.68974,13102008
383737,3744607,13.99713,13102008
383937,3744607,14.8247,13081507
384137,3744607,16.33694,14042107
384337,3744607,17.40604,14042107
384537,3744607,15.86195,14042107
384737,3744607,12.26069,14042107
384937,3744607,14.95891,12050907
385137,3744607,16.7534,12050907
385337,3744607,16.93068,12050907
385537,3744607,15.47506,12050907
385737,3744607,14.21015,13082507
385937,3744607,13.11025,13082507
386137,3744607,13.16247,16030208
386337,3744607,14.53469,16030208
386537,3744607,13.34971,16030208
386737,3744607,10.7101,12101608
386937,3744607,9.77089,13072807
387137,3744607,10.14398,13072807
387337,3744607,9.77251,13072807
387537,3744607,8.81261,13072807
387737,3744607,8.82968,15091207
387937,3744607,9.61183,15091207
388137,3744607,10.0619,15091207
388337,3744607,10.18182,15091207
388537,3744607,10.18415,13102009
388737,3744607,10.379,13102009
388937,3744607,10.33408,13102009
389137,3744607,10.082,13102009
389337,3744607,9.66254,13102009
389537,3744607,9.28519,12083007
389737,3744607,9.08996,12083007
379937,3744807,11.01871,14091607
380137,3744807,10.30252,14091607
380337,3744807,9.40893,14091607
380537,3744807,9.73645,16021409
380737,3744807,10.41431,16021409
380937,3744807,10.83809,16021409
381137,3744807,10.93259,16021409
381337,3744807,10.6431,16021409
381537,3744807,9.95065,16021409
381737,3744807,9.3565,16032008
381937,3744807,9.53589,16032008
382137,3744807,9.38163,16032008
382337,3744807,10.31654,14091907
382537,3744807,11.02332,14091907
382737,3744807,10.59521,14091907
382937,3744807,12.49536,13102008
383137,3744807,14.70249,13102008
383337,3744807,15.76602,13102008
383537,3744807,15.23201,13102008
383737,3744807,13.5875,13081507
383937,3744807,14.68493,13081507
384137,3744807,16.04095,14042107
384337,3744807,16.54919,14042107
384537,3744807,14.78803,14042107
384737,3744807,11.54786,12050907
384937,3744807,14.2099,12050907
385137,3744807,15.89016,12050907
385337,3744807,16.17267,12050907
385537,3744807,15.01115,12050907
385737,3744807,14.15464,13082507
385937,3744807,13.68528,13082507
386137,3744807,12.16767,16030208
386337,3744807,14.25854,16030208
386537,3744807,14.05404,16030208
386737,3744807,11.85654,16030208
386937,3744807,10.02465,12101608
387137,3744807,9.68049,13072807
387337,3744807,9.76245,13072807
387537,3744807,9.21903,13072807
387737,3744807,8.21154,13072807
387937,3744807,8.53293,15091207
388137,3744807,9.21218,15091207
388337,3744807,9.60248,15091207
388537,3744807,9.70672,15091207
388737,3744807,9.70204,13102009
388937,3744807,9.90552,13102009
389137,3744807,9.89671,13102009
389337,3744807,9.70107,13102009
389537,3744807,9.35074,13102009
389737,3744807,8.90382,12083007
379937,3745007,9.56004,14091607
380137,3745007,8.75344,16021409
380337,3745007,9.5132,16021409
380537,3745007,10.106,16021409
380737,3745007,10.46278,16021409
380937,3745007,10.52149,16021409
381137,3745007,10.23835,16021409
381337,3745007,9.59955,16021409
381537,3745007,8.98826,16032008
381737,3745007,9.19027,16032008
381937,3745007,9.10127,16032008
382137,3745007,9.68929,14091907
382337,3745007,10.61584,14091907
382537,3745007,10.59673,14091907
382737,3745007,11.12853,13102008
382937,3745007,13.50392,13102008
383137,3745007,15.13686,13102008
383337,3745007,15.53507,13102008
383537,3745007,14.4445,13102008
383737,3745007,13.8359,13081507
383937,3745007,14.32212,13081507
384137,3745007,15.63396,14042107
384337,3745007,15.69556,14042107
384537,3745007,13.79887,14042107
384737,3745007,11.09769,12050907
384937,3745007,13.53067,12050907
385137,3745007,15.10768,12050907
385337,3745007,15.46812,12050907
385537,3745007,14.54707,12050907
385737,3745007,13.88193,13082507
385937,3745007,13.96266,13082507
386137,3745007,11.95401,13082507
386337,3745007,13.60976,16030208
386537,3745007,14.25034,16030208
386737,3745007,12.88235,16030208
386937,3745007,10.8022,12101608
387137,3745007,9.13505,12101608
387337,3745007,9.47792,13072807
387537,3745007,9.33655,13072807
387737,3745007,8.67651,13072807
387937,3745007,7.65328,13072807
388137,3745007,8.24691,15091207
388337,3745007,8.84178,15091207
388537,3745007,9.1835,15091207
388737,3745007,9.27533,15091207
388937,3745007,9.26406,13102009
389137,3745007,9.4728,13102009
389337,3745007,9.49265,13102009
389537,3745007,9.34356,13102009
389737,3745007,9.05164,13102009
379937,3745207,8.60911,16021409
380137,3745207,9.28842,16021409
380337,3745207,9.80719,16021409
380537,3745207,10.10677,16021409
380737,3745207,10.13575,16021409
380937,3745207,9.85893,16021409
381137,3745207,9.26644,16021409
381337,3745207,8.64601,16032008
381537,3745207,8.86378,16032008
381737,3745207,8.82624,16032008
381937,3745207,9.06352,14091907
382137,3745207,10.13123,14091907
382337,3745207,10.42611,14091907
382537,3745207,9.78061,14091907
382737,3745207,12.0591,13102008
382937,3745207,14.02891,13102008
383137,3745207,15.12121,13102008
383337,3745207,14.97189,13102008
383537,3745207,13.47061,13102008
383737,3745207,13.84334,13081507
383937,3745207,13.80742,13081507
384137,3745207,15.15321,14042107
384337,3745207,14.86348,14042107
384537,3745207,12.89121,14042107
384737,3745207,10.67741,12050907
384937,3745207,12.91199,12050907
385137,3745207,14.39546,12050907
385337,3745207,14.81327,12050907
385537,3745207,14.08977,12050907
385737,3745207,13.46155,13082507
385937,3745207,14.00036,13082507
386137,3745207,12.54266,13082507
386337,3745207,12.72804,16030208
386537,3745207,14.03198,16030208
386737,3745207,13.4714,16030208
386937,3745207,11.38672,16030208
387137,3745207,9.95892,12101608
387337,3745207,8.98442,13072807
387537,3745207,9.19968,13072807
387737,3745207,8.89047,13072807
387937,3745207,8.15511,13072807
388137,3745207,7.24149,15091207
388337,3745207,7.97362,15091207
388537,3745207,8.49858,15091207
388737,3745207,8.80028,15091207
388937,3745207,8.88211,15091207
389137,3745207,8.86437,13102009
389337,3745207,9.07585,13102009
389537,3745207,9.11849,13102009
389737,3745207,9.00798,13102009
379937,3745407,9.06509,16021409
380137,3745407,9.51932,16021409
380337,3745407,9.76997,16021409
380537,3745407,9.77424,16021409
380737,3745407,9.50374,16021409
380937,3745407,8.95158,16021409
381137,3745407,8.32742,16032008
381337,3745407,8.55583,16032008
381537,3745407,8.55905,16032008
381737,3745407,8.45627,14091907
381937,3745407,9.60636,14091907
382137,3745407,10.13456,14091907
382337,3745407,9.84623,14091907
382537,3745407,10.64111,13102008
382737,3745407,12.71612,13102008
382937,3745407,14.20122,13102008
383137,3745407,14.73204,13102008
383337,3745407,14.10379,13102008
383537,3745407,12.63835,13081507
383737,3745407,13.66245,13081507
383937,3745407,13.63046,14042107
384137,3745407,14.62681,14042107
384337,3745407,14.06406,14042107
384537,3745407,12.05992,14042107
384737,3745407,10.28468,12050907
384937,3745407,12.34615,12050907
385137,3745407,13.74464,12050907
385337,3745407,14.20419,12050907
385537,3745407,13.64369,12050907
385737,3745407,12.94937,13082507
385937,3745407,13.85357,13082507
386137,3745407,12.90614,13082507
386337,3745407,11.72881,16030208
386537,3745407,13.47608,16030208
386737,3745407,13.59638,16030208
386937,3745407,12.16497,16030208
387137,3745407,10.52207,12101608
387337,3745407,9.02705,12101608
387537,3745407,8.85623,13072807
387737,3745407,8.87316,13072807
387937,3745407,8.44048,13072807
388137,3745407,7.66032,13072807
388337,3745407,7.06181,15091207
388537,3745407,7.71385,15091207
388737,3745407,8.1803,15091207
388937,3745407,8.44868,15091207
389137,3745407,8.52231,15091207
389337,3745407,8.49807,13102009
389537,3745407,8.71042,13102009
389737,3745407,8.77119,13102009
379937,3745607,9.24311,16021409
380137,3745607,9.4518,16021409
380337,3745607,9.43553,16021409
380537,3745607,9.17133,16021409
380737,3745607,8.6546,16021409
380937,3745607,8.03034,16032008
381137,3745607,8.26555,16032008
381337,3745607,8.30113,16032008
381537,3745607,8.11343,16032008
381737,3745607,9.067,14091907
381937,3745607,9.7627,14091907
382137,3745607,9.76324,14091907
382337,3745607,9.33667,13102008
382537,3745607,11.40185,13102008
382737,3745607,13.10665,13102008
382937,3745607,14.10838,13102008
383137,3745607,14.14232,13102008
383337,3745607,13.12325,13102008
383537,3745607,12.77175,13081507
383737,3745607,13.34057,13081507
383937,3745607,13.4386,14042107
384137,3745607,14.07563,14042107
384337,3745607,13.30349,14042107
384537,3745607,11.2991,14042107
384737,3745607,9.91723,12050907
384937,3745607,11.82662,12050907
385137,3745607,13.14768,12050907
385337,3745607,13.63705,12050907
385537,3745607,13.21159,12050907
385737,3745607,12.38956,13082507
385937,3745607,13.57293,13082507
386137,3745607,13.06774,13082507
386337,3745607,11.13969,13082507
386537,3745607,12.69074,16030208
386737,3745607,13.40993,16030208
386937,3745607,12.62853,16030208
387137,3745607,10.77693,12101608
387337,3745607,9.58489,12101608
387537,3745607,8.35854,13072807
387737,3745607,8.65809,13072807
387937,3745607,8.51845,13072807
388137,3745607,7.99727,13072807
388337,3745607,7.1947,13072807
388537,3745607,6.88374,15091207
388737,3745607,7.46769,15091207
388937,3745607,7.88471,15091207
389137,3745607,8.12506,15091207
389337,3745607,8.19186,15091207
389537,3745607,8.16105,13102009
389737,3745607,8.37286,13102009
379937,3745807,9.15141,16021409
380137,3745807,9.11807,16021409
380337,3745807,8.86014,16021409
380537,3745807,8.3748,16021409
380737,3745807,7.7528,16032008
380937,3745807,7.99192,16032008
381137,3745807,8.05325,16032008
381337,3745807,7.91455,16032008
381537,3745807,8.53065,14091907
381737,3745807,9.34157,14091907
381937,3745807,9.56964,14091907
382137,3745807,9.10842,14091907
382337,3745807,10.14603,13102008
382537,3745807,11.94266,13102008
382737,3745807,13.25301,13102008
382937,3745807,13.79938,13102008
383137,3745807,13.41301,13102008
383337,3745807,12.10474,13102008
383537,3745807,12.73325,13081507
383737,3745807,12.90788,13081507
383937,3745807,13.17996,14042107
384137,3745807,13.51486,14042107
384337,3745807,12.58471,14042107
384537,3745807,10.60263,14042107
384737,3745807,9.57726,13020409
384937,3745807,11.3479,12050907
385137,3745807,12.59821,12050907
385337,3745807,13.10823,12050907
385537,3745807,12.79505,12050907
385737,3745807,11.76564,13082507
385937,3745807,13.14843,13082507
386137,3745807,13.03143,13082507
386337,3745807,11.51493,13082507
386537,3745807,11.7907,16030208
386737,3745807,12.98222,16030208
386937,3745807,12.79968,16030208
387137,3745807,11.38687,16030208
387337,3745807,9.95692,12101608
387537,3745807,8.62973,12101608
387737,3745807,8.28571,13072807
387937,3745807,8.41128,13072807
388137,3745807,8.15005,13072807
388337,3745807,7.56764,13072807
388537,3745807,6.75893,13072807
388737,3745807,6.70914,15091207
388937,3745807,7.23476,15091207
389137,3745807,7.60971,15091207
389337,3745807,7.82623,15091207
389537,3745807,7.88728,15091207
389737,3745807,7.84986,13102009
379937,3746007,8.8203,16021409
380137,3746007,8.56858,16021409
380337,3746007,8.11122,16021409
380537,3746007,7.49303,16032008
380737,3746007,7.73388,16032008
380937,3746007,7.81569,16032008
381137,3746007,7.7177,16032008
381337,3746007,8.00874,14091907
381537,3746007,8.89421,14091907
381737,3746007,9.29706,14091907
381937,3746007,9.0931,14091907
382137,3746007,8.98161,13102008
382337,3746007,10.78071,13102008
382537,3746007,12.26995,13102008
382737,3746007,13.18659,13102008
382937,3746007,13.32307,13102008
383137,3746007,12.59582,13102008
383337,3746007,11.64657,13081507
383537,3746007,12.57447,13081507
383737,3746007,12.41018,13081507
383937,3746007,12.87246,14042107
384137,3746007,12.95542,14042107
384337,3746007,11.90849,14042107
384537,3746007,9.96458,14042107
384737,3746007,9.42154,13020409
384937,3746007,11.04014,13020409
385137,3746007,12.0908,12050907
385337,3746007,12.61438,12050907
385537,3746007,12.39487,12050907
385737,3746007,11.48222,12050907
385937,3746007,12.67395,13082507
386137,3746007,12.88856,13082507
386337,3746007,11.75792,13082507
386537,3746007,10.83519,16030208
386737,3746007,12.37636,16030208
386937,3746007,12.71579,16030208
387137,3746007,11.83291,16030208
387337,3746007,10.15318,12101608
387537,3746007,9.09481,12101608
387737,3746007,7.79777,13072807
387937,3746007,8.14927,13072807
388137,3746007,8.13227,13072807
388337,3746007,7.77826,13072807
388537,3746007,7.15572,13072807
388737,3746007,6.35256,13072807
388937,3746007,6.53916,15091207
389137,3746007,7.01451,15091207
389337,3746007,7.35333,15091207
389537,3746007,7.54946,15091207
389737,3746007,7.6056,15091207
