<?xml version="1.0"?>
<!--<!DOCTYPE metadata SYSTEM "http://www.esri.com/metadata/esriprof80.dtd">-->
<metadata xml:lang="en"><Esri><CreaDate>20080906</CreaDate><CreaTime>11570600</CreaTime><SyncOnce>TRUE</SyncOnce><MetaID>{D26454D0-A79D-443D-BEFA-F4EAF5983D26}</MetaID></Esri><idinfo><citation><citeinfo><onlink Sync="TRUE">\\NOGOLOGO\D$\NIU\CLASSES\2008Fall_LocationAnalysis\Labs\Lab_01_LandSuitability\FinalData\firehaz</onlink></citeinfo></citation></idinfo><distInfo><distributor><distorTran><onLineSrc><linkage Sync="TRUE">file://\\NOGOLOGO\D$\NIU\CLASSES\2008Fall_LocationAnalysis\Labs\Lab_01_LandSuitability\FinalData\firehaz</linkage><protocol Sync="TRUE">Local Area Network</protocol></onLineSrc></distorTran></distributor></distInfo><dataqual><lineage><procstep><procdesc Sync="TRUE">Dataset moved.</procdesc><srcused Sync="TRUE">D:\NIU\CLASSES\2008Fall_LocationAnalysis\Labs\Lab_01_LandSuitability\firehaz</srcused><date Sync="TRUE">20080906</date><time Sync="TRUE">11562900</time></procstep><procstep><procdesc Sync="TRUE">Dataset copied.</procdesc><srcused Sync="TRUE">D:\NIU\CLASSES\2008Fall_LocationAnalysis\Labs\Lab_01_LandSuitability\Grids\firehaz</srcused><date Sync="TRUE">20080906</date><time Sync="TRUE">11570600</time></procstep></lineage></dataqual></metadata>
