<?xml version="1.0"?>
<!--<!DOCTYPE metadata SYSTEM "http://www.esri.com/metadata/esriprof80.dtd">-->
<metadata xml:lang="en"><Esri><CreaDate>20080906</CreaDate><CreaTime>11571100</CreaTime><SyncOnce>TRUE</SyncOnce><DataProperties><lineage><Process Name="DefineProjection_5" ToolSource="C:\Program Files\ArcGIS\ArcToolbox\Toolboxes\Data Management Tools.tbx\DefineProjection" Date="20080905" Time="134251">DefineProjection D:\NIU\CLASSES\2008Fall_LocationAnalysis\Labs\Lab_01_LandSuitability\Grids\elevation PROJCS['NAD_1983_UTM_Zone_11N',GEOGCS['GCS_North_American_1983',DATUM['D_North_American_1983',SPHEROID['GRS_1980',6378137.0,298.257222101]],PRIMEM['Greenwich',0.0],UNIT['Degree',0.0174532925199433]],PROJECTION['Transverse_Mercator'],PARAMETER['False_Easting',500000.0],PARAMETER['False_Northing',0.0],PARAMETER['Central_Meridian',-117.0],PARAMETER['Scale_Factor',0.9996],PARAMETER['Latitude_Of_Origin',0.0],UNIT['Meter',1.0]] D:\NIU\CLASSES\2008Fall_LocationAnalysis\Labs\Lab_01_LandSuitability\Grids\elevation</Process></lineage></DataProperties><MetaID>{12C303C2-C556-4D5B-BB98-CA686B678C38}</MetaID></Esri><idinfo><citation><citeinfo><onlink Sync="TRUE">\\NOGOLOGO\D$\NIU\CLASSES\2008Fall_LocationAnalysis\Labs\Lab_01_LandSuitability\FinalData\elevation</onlink></citeinfo></citation></idinfo><distInfo><distributor><distorTran><onLineSrc><linkage Sync="TRUE">file://\\NOGOLOGO\D$\NIU\CLASSES\2008Fall_LocationAnalysis\Labs\Lab_01_LandSuitability\FinalData\elevation</linkage><protocol Sync="TRUE">Local Area Network</protocol></onLineSrc></distorTran></distributor></distInfo><dataqual><lineage><procstep><procdesc Sync="TRUE">Dataset copied.</procdesc><srcused Sync="TRUE">D:\NIU\CLASSES\2008Fall_LocationAnalysis\Labs\Lab_01_LandSuitability\Grids\elevation</srcused><date Sync="TRUE">20080906</date><time Sync="TRUE">11571100</time></procstep></lineage></dataqual></metadata>
